seq,label,site,azimut,date,lat,lon,score_max,score_mean,n_frames,fwi,fwi_class
pyronear-force-06_cabanelle_125_2024-02-16T12-11-03,wildfire,pyronear-force-06_cabanelle,125,2024-02-16,43.7866472009,7.4196082789,0.875,0.8135462857142858,7.0,0.0,very_low
pyronear-force-06_cabanelle_125_2024-02-24T08-30-54,wildfire,pyronear-force-06_cabanelle,125,2024-02-24,43.7866472009,7.4196082789,0.695801,0.5576869999999999,7.0,0.0,very_low
pyronear-force-06_cabanelle_125_2024-02-27T13-22-55,wildfire,pyronear-force-06_cabanelle,125,2024-02-27,43.7866472009,7.4196082789,0.823242,0.6845215,10.0,0.0,very_low
pyronear-force-06_cabanelle_244_2024-02-23T10-22-27,wildfire,pyronear-force-06_cabanelle,244,2024-02-23,43.7866472009,7.4196082789,0.798828,0.6823241,10.0,0.0,very_low
pyronear-force-06_cabanelle_244_2024-09-14T17-14-35,wildfire,pyronear-force-06_cabanelle,244,2024-09-14,43.7866472009,7.4196082789,0.573242,0.4385985,4.0,0.0,very_low
pyronear-force-06_cabanelle_244_2024-09-19T14-03-46,wildfire,pyronear-force-06_cabanelle,244,2024-09-19,43.7866472009,7.4196082789,0.640625,0.6123045,2.0,0.0,very_low
pyronear-force-06_cabanelle_327_2024-02-18T10-22-35,wildfire,pyronear-force-06_cabanelle,327,2024-02-18,43.7866472009,7.4196082789,0.824707,0.7193196666666667,6.0,0.0,very_low
pyronear-force-06_cabanelle_327_2024-04-03T08-00-52,wildfire,pyronear-force-06_cabanelle,327,2024-04-03,43.7866472009,7.4196082789,0.791504,0.5987058999999999,10.0,0.0,very_low
pyronear-force-06_cabanelle_327_2024-04-04T19-22-21,wildfire,pyronear-force-06_cabanelle,327,2024-04-04,43.7866472009,7.4196082789,0.784668,0.6614015,10.0,0.0,very_low
pyronear-force-06_courmettes_080_2024-01-26T14-58-34,wildfire,pyronear-force-06_courmettes,080,2024-01-26,43.715592078,7.026486331,0.771484,0.6830648333333333,6.0,0.0,very_low
pyronear-force-06_courmettes_080_2024-09-07T11-41-38,wildfire,pyronear-force-06_courmettes,080,2024-09-07,43.715592078,7.026486331,0.785645,0.6608886666666667,6.0,2.034759521484375,very_low
pyronear-force-06_courmettes_160_2024-01-09T15-58-27,wildfire,pyronear-force-06_courmettes,160,2024-01-09,43.715592078,7.026486331,0.592285,0.47878410000000005,10.0,0.0,very_low
pyronear-force-06_courmettes_160_2024-01-26T14-01-12,wildfire,pyronear-force-06_courmettes,160,2024-01-26,43.715592078,7.026486331,0.787598,0.6666016000000001,10.0,0.0,very_low
pyronear-force-06_courmettes_160_2024-02-13T13-31-45,wildfire,pyronear-force-06_courmettes,160,2024-02-13,43.715592078,7.026486331,0.725098,0.571868875,8.0,0.0,very_low
pyronear-force-06_courmettes_160_2024-02-19T10-31-56,wildfire,pyronear-force-06_courmettes,160,2024-02-19,43.715592078,7.026486331,0.79248,0.7243922222222223,9.0,0.0,very_low
pyronear-force-06_courmettes_160_2024-02-27T13-35-30,wildfire,pyronear-force-06_courmettes,160,2024-02-27,43.715592078,7.026486331,0.789062,0.6336424,10.0,0.0,very_low
pyronear-force-06_courmettes_160_2024-04-06T12-35-34,wildfire,pyronear-force-06_courmettes,160,2024-04-06,43.715592078,7.026486331,0.609863,0.46917699999999996,4.0,0.0,very_low
pyronear-force-06_courmettes_160_2024-04-10T18-08-18,wildfire,pyronear-force-06_courmettes,160,2024-04-10,43.715592078,7.026486331,0.76416,0.7369385,4.0,0.0,very_low
pyronear-force-06_courmettes_212_2024-01-25T11-56-08,wildfire,pyronear-force-06_courmettes,212,2024-01-25,43.715592078,7.026486331,0.606445,0.4756348,10.0,0.0,very_low
pyronear-force-06_courmettes_212_2024-02-23T12-08-17,wildfire,pyronear-force-06_courmettes,212,2024-02-23,43.715592078,7.026486331,0.774414,0.632812625,8.0,0.0,very_low
pyronear-force-06_courmettes_212_2024-04-03T10-07-21,wildfire,pyronear-force-06_courmettes,212,2024-04-03,43.715592078,7.026486331,0.893555,0.661906,6.0,0.0,very_low
pyronear-force-06_courmettes_275_2024-01-27T12-17-07,wildfire,pyronear-force-06_courmettes,275,2024-01-27,43.715592078,7.026486331,0.720215,0.5794189999999999,10.0,0.0,very_low
pyronear-force-06_courmettes_275_2024-02-12T13-55-28,wildfire,pyronear-force-06_courmettes,275,2024-02-12,43.715592078,7.026486331,0.811523,0.6407714999999999,10.0,0.0,very_low
pyronear-force-06_courmettes_275_2024-02-17T17-36-57,wildfire,pyronear-force-06_courmettes,275,2024-02-17,43.715592078,7.026486331,0.792969,0.7478029,10.0,0.0,very_low
pyronear-force-06_courmettes_275_2024-02-24T13-14-16,wildfire,pyronear-force-06_courmettes,275,2024-02-24,43.715592078,7.026486331,0.798828,0.6960449,10.0,0.0,very_low
pyronear-force-06_courmettes_275_2024-04-09T14-37-29,wildfire,pyronear-force-06_courmettes,275,2024-04-09,43.715592078,7.026486331,0.790039,0.619873,4.0,0.0,very_low
pyronear-force-06_ferion_142_2023-10-26T08-33-36,wildfire,pyronear-force-06_ferion,142,2023-10-26,43.8678214317,7.2724177001,0.712891,0.5787354,10.0,0.0,very_low
pyronear-force-06_ferion_142_2023-11-04T07-48-54,wildfire,pyronear-force-06_ferion,142,2023-11-04,43.8678214317,7.2724177001,0.703125,0.5898925,10.0,0.0,very_low
pyronear-force-06_ferion_142_2024-01-08T11-52-23,wildfire,pyronear-force-06_ferion,142,2024-01-08,43.8678214317,7.2724177001,0.812012,0.7711425999999999,10.0,0.0,very_low
pyronear-force-06_ferion_142_2024-01-09T10-08-39,wildfire,pyronear-force-06_ferion,142,2024-01-09,43.8678214317,7.2724177001,0.687012,0.5380615,10.0,0.0,very_low
pyronear-force-06_ferion_142_2024-02-12T11-13-17,wildfire,pyronear-force-06_ferion,142,2024-02-12,43.8678214317,7.2724177001,0.855469,0.7591307,10.0,0.0,very_low
pyronear-force-06_ferion_142_2024-02-25T09-47-14,wildfire,pyronear-force-06_ferion,142,2024-02-25,43.8678214317,7.2724177001,0.791504,0.7221192000000001,10.0,0.0,very_low
pyronear-force-06_ferion_287_2023-11-01T09-22-26,wildfire,pyronear-force-06_ferion,287,2023-11-01,43.8678214317,7.2724177001,0.727051,0.6227052000000001,10.0,0.0,very_low
pyronear-force-06_ferion_287_2023-11-01T11-51-09,wildfire,pyronear-force-06_ferion,287,2023-11-01,43.8678214317,7.2724177001,0.694336,0.5402345,10.0,0.0,very_low
pyronear-force-06_ferion_287_2024-01-19T12-06-48,wildfire,pyronear-force-06_ferion,287,2024-01-19,43.8678214317,7.2724177001,0.835449,0.71875,5.0,0.0,very_low
pyronear-force-06_valbonne_067_2024-01-15T10-22-06,wildfire,pyronear-force-06_valbonne,067,2024-01-15,43.6233636008,7.02793957,0.803711,0.5600951999999999,10.0,0.0,very_low
pyronear-force-06_valbonne_067_2024-02-16T10-12-36,wildfire,pyronear-force-06_valbonne,067,2024-02-16,43.6233636008,7.02793957,0.813965,0.6636230000000001,10.0,0.0,very_low
pyronear-force-06_valbonne_138_2024-01-06T11-28-03,wildfire,pyronear-force-06_valbonne,138,2024-01-06,43.6233636008,7.02793957,0.75,0.66113275,8.0,0.0,very_low
pyronear-force-06_valbonne_138_2024-01-12T11-45-43,wildfire,pyronear-force-06_valbonne,138,2024-01-12,43.6233636008,7.02793957,0.444336,0.3167236,10.0,0.0,very_low
pyronear-force-06_valbonne_138_2024-01-15T10-19-43,wildfire,pyronear-force-06_valbonne,138,2024-01-15,43.6233636008,7.02793957,0.780273,0.6957030000000001,10.0,0.0,very_low
pyronear-force-06_valbonne_223_2024-01-31T14-23-56,wildfire,pyronear-force-06_valbonne,223,2024-01-31,43.6233636008,7.02793957,0.755371,0.6052246666666666,3.0,0.0,very_low
pyronear-force-06_valbonne_349_2023-11-01T11-27-15,wildfire,pyronear-force-06_valbonne,349,2023-11-01,43.6233636008,7.02793957,0.54541,0.421826,5.0,0.0,very_low
pyronear-force-06_valbonne_349_2023-11-04T11-38-32,wildfire,pyronear-force-06_valbonne,349,2023-11-04,43.6233636008,7.02793957,0.473145,0.19201675,4.0,0.0,very_low
pyronear-force-06_valbonne_349_2024-04-20T19-02-34,wildfire,pyronear-force-06_valbonne,349,2024-04-20,43.6233636008,7.02793957,0.837402,0.634521375,8.0,0.0,very_low
pyronear-sdis-07_brison_020_2024-01-18T10-26-11,wildfire,pyronear-sdis-07_brison,020,2024-01-18,44.5451545715,4.2165341377,0.782227,0.7007814000000001,10.0,0.0,very_low
pyronear-sdis-07_brison_020_2024-01-30T17-50-05,wildfire,pyronear-sdis-07_brison,020,2024-01-30,44.5451545715,4.2165341377,0.696777,0.32779949999999997,6.0,0.0,very_low
pyronear-sdis-07_brison_020_2024-02-24T15-00-16,wildfire,pyronear-sdis-07_brison,020,2024-02-24,44.5451545715,4.2165341377,0.757812,0.5234864,10.0,0.0,very_low
pyronear-sdis-07_brison_020_2024-03-21T08-07-04,wildfire,pyronear-sdis-07_brison,020,2024-03-21,44.5451545715,4.2165341377,0.805664,0.6482746666666667,3.0,0.0,very_low
pyronear-sdis-07_brison_020_2024-03-21T08-46-45,wildfire,pyronear-sdis-07_brison,020,2024-03-21,44.5451545715,4.2165341377,0.763184,0.6826171999999999,10.0,0.0,very_low
pyronear-sdis-07_brison_039_2025-05-11T09-39-59,wildfire,pyronear-sdis-07_brison,039,2025-05-11,44.5451545715,4.2165341377,0.182617,0.0913085,2.0,2.994781494140625,very_low
pyronear-sdis-07_brison_110_2024-01-03T10-39-33,wildfire,pyronear-sdis-07_brison,110,2024-01-03,44.5451545715,4.2165341377,0.712891,0.6599125,2.0,0.0,very_low
pyronear-sdis-07_brison_110_2024-01-21T13-36-55,wildfire,pyronear-sdis-07_brison,110,2024-01-21,44.5451545715,4.2165341377,0.858887,0.7592774,10.0,0.0,very_low
pyronear-sdis-07_brison_110_2024-02-12T10-30-12,wildfire,pyronear-sdis-07_brison,110,2024-02-12,44.5451545715,4.2165341377,0.632324,0.3980958,5.0,0.0,very_low
pyronear-sdis-07_brison_110_2024-02-21T08-07-40,wildfire,pyronear-sdis-07_brison,110,2024-02-21,44.5451545715,4.2165341377,0.888672,0.8192382,10.0,0.0,very_low
pyronear-sdis-07_brison_110_2024-02-23T10-57-19,wildfire,pyronear-sdis-07_brison,110,2024-02-23,44.5451545715,4.2165341377,0.781738,0.6452882,10.0,0.0,very_low
pyronear-sdis-07_brison_110_2024-03-08T09-20-28,wildfire,pyronear-sdis-07_brison,110,2024-03-08,44.5451545715,4.2165341377,0.626465,0.4281616,10.0,0.0,very_low
pyronear-sdis-07_brison_110_2024-03-27T15-58-18,wildfire,pyronear-sdis-07_brison,110,2024-03-27,44.5451545715,4.2165341377,0.807617,0.6151367000000001,10.0,0.0,very_low
pyronear-sdis-07_brison_110_2024-09-05T11-05-34,wildfire,pyronear-sdis-07_brison,110,2024-09-05,44.5451545715,4.2165341377,0.707031,0.4824586,10.0,0.5825576782226562,very_low
pyronear-sdis-07_brison_127_2023-03-01T19-58-13,wildfire,pyronear-sdis-07_brison,127,2023-03-01,44.5451545715,4.2165341377,0.770996,0.6450193,10.0,0.0,very_low
pyronear-sdis-07_brison_127_2023-10-22T07-50-48,wildfire,pyronear-sdis-07_brison,127,2023-10-22,44.5451545715,4.2165341377,0.591797,0.5026368,10.0,0.0,very_low
pyronear-sdis-07_brison_127_2023-10-24T14-37-08,wildfire,pyronear-sdis-07_brison,127,2023-10-24,44.5451545715,4.2165341377,0.741699,0.6956380000000001,3.0,0.0,very_low
pyronear-sdis-07_brison_127_2025-05-13T10-21-54,wildfire,pyronear-sdis-07_brison,127,2025-05-13,44.5451545715,4.2165341377,0.164429,0.054809666666666666,3.0,0.5973968505859375,very_low
pyronear-sdis-07_brison_200_2024-02-21T15-16-17,wildfire,pyronear-sdis-07_brison,200,2024-02-21,44.5451545715,4.2165341377,0.725098,0.6223633,10.0,0.0,very_low
pyronear-sdis-07_brison_20_2024-01-02T14-34-40,wildfire,pyronear-sdis-07_brison,20,2024-01-02,44.5451545715,4.2165341377,0.838867,0.5656981999999999,10.0,0.0,very_low
pyronear-sdis-07_brison_226_2023-02-01T18-19-53,wildfire,pyronear-sdis-07_brison,226,2023-02-01,44.5451545715,4.2165341377,0.677734,0.39965799999999996,4.0,0.0,very_low
pyronear-sdis-07_brison_226_2025-05-29T15-25-39,wildfire,pyronear-sdis-07_brison,226,2025-05-29,44.5451545715,4.2165341377,0.550781,0.513509,3.0,30.315994262695312,high
pyronear-sdis-07_brison_290_2024-01-10T10-02-45,wildfire,pyronear-sdis-07_brison,290,2024-01-10,44.5451545715,4.2165341377,0.642578,0.41955580000000003,10.0,0.0,very_low
pyronear-sdis-07_brison_290_2024-01-23T15-55-10,wildfire,pyronear-sdis-07_brison,290,2024-01-23,44.5451545715,4.2165341377,0.76123,0.6285646,10.0,0.0,very_low
pyronear-sdis-07_brison_290_2024-01-31T16-38-38,wildfire,pyronear-sdis-07_brison,290,2024-01-31,44.5451545715,4.2165341377,0.737793,0.5987794,10.0,0.0,very_low
pyronear-sdis-07_brison_290_2024-02-03T17-05-08,wildfire,pyronear-sdis-07_brison,290,2024-02-03,44.5451545715,4.2165341377,0.793945,0.7035156,10.0,0.0,very_low
pyronear-sdis-07_brison_290_2024-03-14T14-48-14,wildfire,pyronear-sdis-07_brison,290,2024-03-14,44.5451545715,4.2165341377,0.85498,0.706822,7.0,0.0,very_low
pyronear-sdis-07_brison_290_2024-03-17T11-15-46,wildfire,pyronear-sdis-07_brison,290,2024-03-17,44.5451545715,4.2165341377,0.844727,0.7484865,10.0,0.0,very_low
pyronear-sdis-07_brison_311_2023-09-17T10-05-58,wildfire,pyronear-sdis-07_brison,311,2023-09-17,44.5451545715,4.2165341377,0.71582,0.6597491666666667,6.0,0.0,very_low
pyronear-sdis-07_brison_311_2023-10-05T16-05-13,wildfire,pyronear-sdis-07_brison,311,2023-10-05,44.5451545715,4.2165341377,0.868652,0.806091375,8.0,0.0,very_low
pyronear-sdis-07_brison_311_2023-10-14T09-18-50,wildfire,pyronear-sdis-07_brison,311,2023-10-14,44.5451545715,4.2165341377,0.732422,0.4975586999999999,10.0,0.0,very_low
pyronear-sdis-07_brison_39_2023-05-22T07-38-33,wildfire,pyronear-sdis-07_brison,39,2023-05-22,44.5451545715,4.2165341377,0.664062,0.5504760000000001,8.0,0.0,very_low
pyronear-sdis-07_courmettes_160_2023-10-23T16-46-08,wildfire,pyronear-sdis-07_courmettes,160,2023-10-23,43.715592078,7.026486331,0.60791,0.5711426,10.0,0.0,very_low
pyronear-sdis-07_courmettes_212_2023-10-28T15-32-06,wildfire,pyronear-sdis-07_courmettes,212,2023-10-28,43.715592078,7.026486331,0.503418,0.2858642,10.0,0.0,very_low
pyronear-sdis-07_courmettes_212_2023-10-30T13-21-53,wildfire,pyronear-sdis-07_courmettes,212,2023-10-30,43.715592078,7.026486331,0.712402,0.5521240000000001,6.0,0.0,very_low
pyronear-sdis-07_courmettes_275_2023-10-29T08-23-21,wildfire,pyronear-sdis-07_courmettes,275,2023-10-29,43.715592078,7.026486331,0.766602,0.6908693,10.0,0.0,very_low
pyronear-sdis-07_courmettes_80_2023-11-04T11-56-11,wildfire,pyronear-sdis-07_courmettes,80,2023-11-04,43.715592078,7.026486331,0.745117,0.46564940000000005,10.0,0.0,very_low
pyronear-sdis-07_marguerite_029_2024-01-27T11-13-13,wildfire,pyronear-sdis-07_marguerite,029,2024-01-27,44.6884918213,4.3135008812,0.785156,0.6447263999999999,10.0,0.0,very_low
pyronear-sdis-07_marguerite_029_2024-02-19T09-19-50,wildfire,pyronear-sdis-07_marguerite,029,2024-02-19,44.6884918213,4.3135008812,0.768066,0.6965819999999999,10.0,0.0,very_low
pyronear-sdis-07_marguerite_029_2024-03-18T09-18-12,wildfire,pyronear-sdis-07_marguerite,029,2024-03-18,44.6884918213,4.3135008812,0.809082,0.7406411666666667,6.0,0.0,very_low
pyronear-sdis-07_marguerite_029_2025-05-11T10-52-50,wildfire,pyronear-sdis-07_marguerite,029,2025-05-11,44.6884918213,4.3135008812,0.523438,0.3461916666666666,3.0,5.1755828857421875,very_low
pyronear-sdis-07_marguerite_185_2023-09-19T08-59-22,wildfire,pyronear-sdis-07_marguerite,185,2023-09-19,44.6884918213,4.3135008812,0.473145,0.38298340000000003,10.0,0.0,very_low
pyronear-sdis-07_marguerite_185_2024-02-23T14-03-21,wildfire,pyronear-sdis-07_marguerite,185,2024-02-23,44.6884918213,4.3135008812,0.553711,0.5083414999999999,6.0,0.0,very_low
pyronear-sdis-07_marguerite_282_2024-01-14T15-52-45,wildfire,pyronear-sdis-07_marguerite,282,2024-01-14,44.6884918213,4.3135008812,0.79541,0.59860225,8.0,0.0,very_low
pyronear-sdis-07_marguerite_282_2024-01-26T11-40-42,wildfire,pyronear-sdis-07_marguerite,282,2024-01-26,44.6884918213,4.3135008812,0.708984,0.65295425,4.0,0.0,very_low
pyronear-sdis-07_marguerite_282_2024-02-23T11-07-07,wildfire,pyronear-sdis-07_marguerite,282,2024-02-23,44.6884918213,4.3135008812,0.790527,0.6632567,10.0,0.0,very_low
pyronear-sdis-07_marguerite_282_2024-02-23T12-38-40,wildfire,pyronear-sdis-07_marguerite,282,2024-02-23,44.6884918213,4.3135008812,0.696289,0.5476807,10.0,0.0,very_low
pyronear-sdis-07_marguerite_282_2024-03-20T15-57-21,wildfire,pyronear-sdis-07_marguerite,282,2024-03-20,44.6884918213,4.3135008812,0.510742,0.3812498,5.0,0.0,very_low
pyronear-sdis-07_marguerite_282_2024-06-07T11-03-47,wildfire,pyronear-sdis-07_marguerite,282,2024-06-07,44.6884918213,4.3135008812,0.650879,0.5807292222222222,9.0,1.9428863525390625,very_low
pyronear-sdis-07_marguerite_29_2023-10-30T16-10-46,wildfire,pyronear-sdis-07_marguerite,29,2023-10-30,44.6884918213,4.3135008812,0.667969,0.5213220000000001,3.0,0.0,very_low
pyronear-sdis-07_marguerite_29_2024-03-19T13-37-18,wildfire,pyronear-sdis-07_marguerite,29,2024-03-19,44.6884918213,4.3135008812,0.84082,0.6664732499999999,8.0,0.0,very_low
pyronear-sdis-07_marguerite_339_2024-02-07T15-44-11,wildfire,pyronear-sdis-07_marguerite,339,2024-02-07,44.6884918213,4.3135008812,0.747559,0.5398927,10.0,0.0,very_low
pyronear-sdis-07_marguerite_339_2024-02-24T16-34-58,wildfire,pyronear-sdis-07_marguerite,339,2024-02-24,44.6884918213,4.3135008812,0.77002,0.5839845,8.0,0.0,very_low
pyronear-sdis-07_marguerite_339_2024-03-13T16-25-38,wildfire,pyronear-sdis-07_marguerite,339,2024-03-13,44.6884918213,4.3135008812,0.729492,0.5727661,10.0,0.0,very_low
pyronear-sdis-07_marguerite_339_2024-03-18T18-14-59,wildfire,pyronear-sdis-07_marguerite,339,2024-03-18,44.6884918213,4.3135008812,0.677734,0.37519539999999996,5.0,0.0,very_low
pyronear-sdis-07_serre-de-barre_160_2024-08-29T11-43-07,wildfire,pyronear-sdis-07_serre-de-barre,160,2024-08-29,44.3968658447,4.0837349892,0.87207,0.8369139999999999,10.0,25.359107971191406,high
pyronear-sdis-07_serre-de-barre_250_2024-09-21T11-38-27,wildfire,pyronear-sdis-07_serre-de-barre,250,2024-09-21,44.3968658447,4.0837349892,0.706543,0.4264772,10.0,2.6420364379882812,very_low
pyronear-sdis-07_serre-de-barre_350_2024-08-26T14-07-47,wildfire,pyronear-sdis-07_serre-de-barre,350,2024-08-26,44.3968658447,4.0837349892,0.84082,0.7384521,10.0,20.546981811523438,moderate
pyronear-sdis-77_croix-augas-01_327_2025-08-03T12-26-52,wildfire,pyronear-sdis-77_croix-augas-01,327,2025-08-03,48.4267461256,2.7108759097,0.589844,0.26202390000000003,10.0,3.6917190551757812,very_low
pyronear-sdis-77_croix-augas-01_60_2025-08-27T10-44-06,wildfire,pyronear-sdis-77_croix-augas-01,60,2025-08-27,48.4267461256,2.7108759097,0.727051,0.3533448,10.0,25.28826904296875,high
pyronear-sdis-77_croix-augas-02_100_2025-08-24T07-00-15,wildfire,pyronear-sdis-77_croix-augas-02,100,2025-08-24,48.4267461256,2.7108759097,0.421143,0.1336793,10.0,16.18316650390625,moderate
pyronear-sdis-77_croix-augas_008_2024-07-15T15-47-06,wildfire,pyronear-sdis-77_croix-augas,008,2024-07-15,48.4267461256,2.7108759097,0.524414,0.40045175,4.0,11.409942626953125,moderate
pyronear-sdis-77_croix-augas_059_2024-07-10T11-06-02,wildfire,pyronear-sdis-77_croix-augas,059,2024-07-10,48.4267461256,2.7108759097,0.651367,0.4735596,10.0,2.6159820556640625,very_low
pyronear-sdis-77_croix-augas_059_2024-09-14T16-02-50,wildfire,pyronear-sdis-77_croix-augas,059,2024-09-14,48.4267461256,2.7108759097,0.628906,0.5323659999999999,7.0,5.930084228515625,low
pyronear-sdis-77_croix-augas_059_2024-09-22T12-30-49,wildfire,pyronear-sdis-77_croix-augas,059,2024-09-22,48.4267461256,2.7108759097,0.518555,0.45800799999999997,5.0,2.0815963745117188,very_low
pyronear-sdis-77_croix-augas_110_2024-07-22T12-13-32,wildfire,pyronear-sdis-77_croix-augas,110,2024-07-22,48.4267461256,2.7108759097,0.703125,0.58807375,8.0,2.6150360107421875,very_low
pyronear-sdis-77_croix-augas_161_2024-07-08T14-29-32,wildfire,pyronear-sdis-77_croix-augas,161,2024-07-08,48.4267461256,2.7108759097,0.642578,0.43006722222222227,9.0,11.545364379882812,moderate
pyronear-sdis-77_croix-augas_161_2024-08-19T07-58-07,wildfire,pyronear-sdis-77_croix-augas,161,2024-08-19,48.4267461256,2.7108759097,0.817871,0.7231934,10.0,2.1672515869140625,very_low
pyronear-sdis-77_croix-augas_212_2024-08-20T09-17-14,wildfire,pyronear-sdis-77_croix-augas,212,2024-08-20,48.4267461256,2.7108759097,0.725098,0.6883140000000001,3.0,12.31744384765625,moderate
pyronear-sdis-77_croix-augas_265_2024-07-24T15-22-11,wildfire,pyronear-sdis-77_croix-augas,265,2024-07-24,48.4267461256,2.7108759097,0.647461,0.4812011111111111,9.0,3.7687835693359375,very_low
pyronear-sdis-77_croix-augas_59_2024-07-07T21-53-42,wildfire,pyronear-sdis-77_croix-augas,59,2024-07-07,48.4267461256,2.7108759097,0.793945,0.6501342,10.0,15.672607421875,moderate
pyronear-sdis-77_nemours-01_52_2025-08-07T09-39-01,wildfire,pyronear-sdis-77_nemours-01,52,2025-08-07,48.2604833333,2.7063833333,0.559082,0.3068359,10.0,16.254501342773438,moderate
pyronear-sdis-77_videlles-02_80_2025-08-24T16-42-08,wildfire,pyronear-sdis-77_videlles-02,80,2025-08-24,48.478333333,2.42416667,0.433105,0.10921620000000001,10.0,17.409317016601562,moderate
pyronear-sis-67_haguenau-01_300_2025-08-15T17-39-56,wildfire,pyronear-sis-67_haguenau-01,300,2025-08-15,48.8221944,7.7798889,0.500977,0.0840333,10.0,16.262985229492188,moderate
pyronear-sis-67_haguenau-02_220_2025-08-31T07-28-30,wildfire,pyronear-sis-67_haguenau-02,220,2025-08-31,48.8221944,7.7798889,0.775879,0.41934820000000006,10.0,1.15985107421875,very_low
pyronear-sis-67_haguenau-02_267_2025-08-14T06-58-35,wildfire,pyronear-sis-67_haguenau-02,267,2025-08-14,48.8221944,7.7798889,0.717285,0.5273437,10.0,14.842742919921875,moderate
pyronear-engie_salaunes-1_0_2025-06-10T08-25-35,fp,pyronear-engie_salaunes-1,0,2025-06-10,44.9163970947,-0.8768630028,0.3082,0.11431999999999998,10.0,31.524993896484375,high
pyronear-engie_salaunes-1_180_2023-10-24T06-57-48,fp,pyronear-engie_salaunes-1,180,2023-10-24,44.9163970947,-0.8768630028,0.4246,0.16669,10.0,0.0,very_low
pyronear-engie_salaunes-1_270_2023-08-19T07-02-27,fp,pyronear-engie_salaunes-1,270,2023-08-19,44.9163970947,-0.8768630028,0.3218,0.19568000000000002,10.0,0.0,very_low
pyronear-engie_salaunes-1_270_2023-10-05T17-13-43,fp,pyronear-engie_salaunes-1,270,2023-10-05,44.9163970947,-0.8768630028,0.3507,0.2464,10.0,0.0,very_low
pyronear-engie_salaunes-1_90_2023-09-15T13-38-01,fp,pyronear-engie_salaunes-1,90,2023-09-15,44.9163970947,-0.8768630028,0.3304,0.12303333333333333,6.0,0.0,very_low
pyronear-engie_salaunes-2_0_2023-08-27T09-47-37,fp,pyronear-engie_salaunes-2,0,2023-08-27,44.9080162048,-0.8618850112,0.6822,0.2656,10.0,0.0,very_low
pyronear-engie_salaunes-2_0_2023-10-23T13-03-26,fp,pyronear-engie_salaunes-2,0,2023-10-23,44.9080162048,-0.8618850112,0.531,0.20883,10.0,0.0,very_low
pyronear-engie_salaunes-2_180_2023-08-04T18-07-34,fp,pyronear-engie_salaunes-2,180,2023-08-04,44.9080162048,-0.8618850112,0.8804,0.6381,7.0,0.0,very_low
pyronear-engie_salaunes-2_180_2023-10-31T15-21-16,fp,pyronear-engie_salaunes-2,180,2023-10-31,44.9080162048,-0.8618850112,0.7671,0.5539333333333334,9.0,0.0,very_low
pyronear-engie_salaunes-2_270_2023-07-21T05-00-37,fp,pyronear-engie_salaunes-2,270,2023-07-21,44.9080162048,-0.8618850112,0.7851,0.66959,10.0,0.0,very_low
pyronear-engie_salaunes-2_270_2023-08-17T04-44-39,fp,pyronear-engie_salaunes-2,270,2023-08-17,44.9080162048,-0.8618850112,0.5055,0.31326,10.0,0.0,very_low
pyronear-engie_salaunes-2_270_2023-10-24T08-04-51,fp,pyronear-engie_salaunes-2,270,2023-10-24,44.9080162048,-0.8618850112,0.4679,0.35690999999999995,10.0,0.0,very_low
pyronear-force-06_cabanelle_125_2024-06-08T15-55-18,fp,pyronear-force-06_cabanelle,125,2024-06-08,43.7866472009,7.4196082789,0.6097,0.2635666666666666,9.0,0.0,very_low
pyronear-force-06_cabanelle_125_2024-06-17T18-39-49,fp,pyronear-force-06_cabanelle,125,2024-06-17,43.7866472009,7.4196082789,0.4297,0.06523,10.0,0.0,very_low
pyronear-force-06_cabanelle_125_2024-09-16T16-30-42,fp,pyronear-force-06_cabanelle,125,2024-09-16,43.7866472009,7.4196082789,0.5646,0.28798750000000006,8.0,0.0,very_low
pyronear-force-06_cabanelle_244_2023-10-11T15-53-06,fp,pyronear-force-06_cabanelle,244,2023-10-11,43.7866472009,7.4196082789,0.4089,0.1546,6.0,0.0,very_low
pyronear-force-06_cabanelle_244_2024-06-04T17-56-49,fp,pyronear-force-06_cabanelle,244,2024-06-04,43.7866472009,7.4196082789,0.7609,0.22883,10.0,0.0,very_low
pyronear-force-06_cabanelle_244_2024-08-09T13-03-09,fp,pyronear-force-06_cabanelle,244,2024-08-09,43.7866472009,7.4196082789,0.5675,0.29030000000000006,7.0,0.0,very_low
pyronear-force-06_cabanelle_291_2023-10-10T15-12-02,fp,pyronear-force-06_cabanelle,291,2023-10-10,43.7866472009,7.4196082789,0.3589,0.156475,4.0,0.0,very_low
pyronear-force-06_cabanelle_291_2023-10-12T08-06-27,fp,pyronear-force-06_cabanelle,291,2023-10-12,43.7866472009,7.4196082789,0.8202,0.4707,7.0,0.0,very_low
pyronear-force-06_cabanelle_46_2023-10-15T13-13-44,fp,pyronear-force-06_cabanelle,46,2023-10-15,43.7866472009,7.4196082789,0.6163,0.16555,10.0,0.0,very_low
pyronear-force-06_cabanelle_46_2024-06-22T15-21-31,fp,pyronear-force-06_cabanelle,46,2024-06-22,43.7866472009,7.4196082789,0.5731,0.19026,10.0,0.0,very_low
pyronear-force-06_cabanelle_46_2024-06-28T09-15-58,fp,pyronear-force-06_cabanelle,46,2024-06-28,43.7866472009,7.4196082789,0.5451,0.4037222222222223,9.0,0.0,very_low
pyronear-force-06_cabanelle_46_2024-07-08T17-07-07,fp,pyronear-force-06_cabanelle,46,2024-07-08,43.7866472009,7.4196082789,0.7523,0.2539666666666667,9.0,0.0,very_low
pyronear-force-06_cabanelle_46_2024-08-17T09-45-25,fp,pyronear-force-06_cabanelle,46,2024-08-17,43.7866472009,7.4196082789,0.0,0.0,10.0,0.0,very_low
pyronear-force-06_cabanelle_46_2024-08-24T16-20-54,fp,pyronear-force-06_cabanelle,46,2024-08-24,43.7866472009,7.4196082789,0.6344,0.24088000000000004,10.0,0.0,very_low
pyronear-force-06_courmettes_160_2023-10-18T14-42-51,fp,pyronear-force-06_courmettes,160,2023-10-18,43.715592078,7.026486331,0.5056,0.27436000000000005,10.0,0.0,very_low
pyronear-force-06_courmettes_160_2023-10-26T06-48-19,fp,pyronear-force-06_courmettes,160,2023-10-26,43.715592078,7.026486331,0.285,0.22951000000000002,10.0,0.0,very_low
pyronear-force-06_courmettes_160_2023-11-05T12-18-23,fp,pyronear-force-06_courmettes,160,2023-11-05,43.715592078,7.026486331,0.5119,0.17772000000000002,5.0,0.0,very_low
pyronear-force-06_courmettes_160_2024-06-16T08-05-12,fp,pyronear-force-06_courmettes,160,2024-06-16,43.715592078,7.026486331,0.5622,0.08515,10.0,14.95709228515625,moderate
pyronear-force-06_courmettes_212_2023-10-26T15-18-11,fp,pyronear-force-06_courmettes,212,2023-10-26,43.715592078,7.026486331,0.5407,0.476375,4.0,0.0,very_low
pyronear-force-06_courmettes_212_2023-11-03T15-16-45,fp,pyronear-force-06_courmettes,212,2023-11-03,43.715592078,7.026486331,0.4404,0.27734444444444445,9.0,0.0,very_low
pyronear-force-06_courmettes_212_2024-06-25T15-08-41,fp,pyronear-force-06_courmettes,212,2024-06-25,43.715592078,7.026486331,0.2418,0.06138571428571428,7.0,3.0518032872350886e-05,very_low
pyronear-force-06_courmettes_275_2023-10-10T07-28-58,fp,pyronear-force-06_courmettes,275,2023-10-10,43.715592078,7.026486331,0.6429,0.32459000000000005,10.0,0.0,very_low
pyronear-force-06_courmettes_275_2023-10-20T15-58-54,fp,pyronear-force-06_courmettes,275,2023-10-20,43.715592078,7.026486331,0.7935,0.35992999999999997,10.0,0.0,very_low
pyronear-force-06_courmettes_275_2023-10-24T06-36-08,fp,pyronear-force-06_courmettes,275,2023-10-24,43.715592078,7.026486331,0.3908,0.1453625,8.0,0.0,very_low
pyronear-force-06_courmettes_275_2023-10-27T10-06-59,fp,pyronear-force-06_courmettes,275,2023-10-27,43.715592078,7.026486331,0.648,0.33789,10.0,0.0,very_low
pyronear-force-06_courmettes_275_2023-11-06T10-46-53,fp,pyronear-force-06_courmettes,275,2023-11-06,43.715592078,7.026486331,0.6216,0.21265,6.0,0.0,very_low
pyronear-force-06_courmettes_275_2024-06-25T13-25-13,fp,pyronear-force-06_courmettes,275,2024-06-25,43.715592078,7.026486331,0.7863,0.39864,10.0,3.0518032872350886e-05,very_low
pyronear-force-06_courmettes_80_2023-10-03T05-42-52,fp,pyronear-force-06_courmettes,80,2023-10-03,43.715592078,7.026486331,0.3398,0.26406,10.0,0.0,very_low
pyronear-force-06_courmettes_80_2023-10-20T08-32-01,fp,pyronear-force-06_courmettes,80,2023-10-20,43.715592078,7.026486331,0.3706,0.23033,10.0,0.0,very_low
pyronear-force-06_ferion_142_2023-10-17T14-53-37,fp,pyronear-force-06_ferion,142,2023-10-17,43.8678214317,7.2724177001,0.522,0.3050333333333333,6.0,0.0,very_low
pyronear-force-06_ferion_142_2023-10-18T15-07-01,fp,pyronear-force-06_ferion,142,2023-10-18,43.8678214317,7.2724177001,0.7407,0.34895,8.0,0.0,very_low
pyronear-force-06_ferion_204_2023-10-19T15-26-21,fp,pyronear-force-06_ferion,204,2023-10-19,43.8678214317,7.2724177001,0.4864,0.17294,10.0,0.0,very_low
pyronear-force-06_ferion_204_2023-10-20T14-34-45,fp,pyronear-force-06_ferion,204,2023-10-20,43.8678214317,7.2724177001,0.5181,0.11512,10.0,0.0,very_low
pyronear-force-06_ferion_287_2023-10-24T15-55-14,fp,pyronear-force-06_ferion,287,2023-10-24,43.8678214317,7.2724177001,0.7519,0.32763333333333333,9.0,0.0,very_low
pyronear-force-06_ferion_287_2023-10-27T13-39-47,fp,pyronear-force-06_ferion,287,2023-10-27,43.8678214317,7.2724177001,0.6041,0.43735,10.0,0.0,very_low
pyronear-force-06_ferion_60_2023-10-22T08-05-59,fp,pyronear-force-06_ferion,60,2023-10-22,43.8678214317,7.2724177001,0.3003,0.22619999999999998,6.0,0.0,very_low
pyronear-force-06_ferion_60_2023-11-05T14-55-21,fp,pyronear-force-06_ferion,60,2023-11-05,43.8678214317,7.2724177001,0.6904,0.37948571428571426,7.0,0.0,very_low
pyronear-force-06_ferion_60_2023-11-07T14-11-43,fp,pyronear-force-06_ferion,60,2023-11-07,43.8678214317,7.2724177001,0.6834,0.50261,10.0,0.0,very_low
pyronear-force-06_valbonne_138_2023-10-29T07-02-15,fp,pyronear-force-06_valbonne,138,2023-10-29,43.6233636008,7.02793957,0.8906,0.57332,10.0,0.0,very_low
pyronear-force-06_valbonne_223_2023-10-06T17-27-43,fp,pyronear-force-06_valbonne,223,2023-10-06,43.6233636008,7.02793957,0.5673,0.50997,10.0,0.0,very_low
pyronear-force-06_valbonne_223_2023-11-02T09-08-30,fp,pyronear-force-06_valbonne,223,2023-11-02,43.6233636008,7.02793957,0.8158,0.5693900000000001,10.0,0.0,very_low
pyronear-force-06_valbonne_223_2024-06-24T17-44-05,fp,pyronear-force-06_valbonne,223,2024-06-24,43.6233636008,7.02793957,0.4416,0.32025,6.0,5.321502685546875,low
pyronear-force-06_valbonne_349_2023-10-18T10-43-36,fp,pyronear-force-06_valbonne,349,2023-10-18,43.6233636008,7.02793957,0.2738,0.14203333333333334,9.0,0.0,very_low
pyronear-force-06_valbonne_349_2023-10-19T05-53-37,fp,pyronear-force-06_valbonne,349,2023-10-19,43.6233636008,7.02793957,0.5891,0.21033999999999997,5.0,0.0,very_low
pyronear-force-06_valbonne_349_2023-10-28T14-19-25,fp,pyronear-force-06_valbonne,349,2023-10-28,43.6233636008,7.02793957,0.5864,0.46049999999999996,10.0,0.0,very_low
pyronear-force-06_valbonne_349_2024-06-16T18-47-26,fp,pyronear-force-06_valbonne,349,2024-06-16,43.6233636008,7.02793957,0.4348,0.347425,4.0,16.865097045898438,moderate
pyronear-force-06_valbonne_67_2023-11-02T15-48-38,fp,pyronear-force-06_valbonne,67,2023-11-02,43.6233636008,7.02793957,0.6601,0.35684,5.0,0.0,very_low
pyronear-force-06_valbonne_67_2024-07-04T06-39-19,fp,pyronear-force-06_valbonne,67,2024-07-04,43.6233636008,7.02793957,0.6583,0.5224,10.0,21.105850219726562,moderate
pyronear-sdis-07_brison_127_2023-09-21T15-05-14,fp,pyronear-sdis-07_brison,127,2023-09-21,44.5451545715,4.2165341377,0.5073,0.2846375,8.0,0.0,very_low
pyronear-sdis-07_brison_127_2023-10-11T05-54-54,fp,pyronear-sdis-07_brison,127,2023-10-11,44.5451545715,4.2165341377,0.4378,0.2533125,8.0,0.0,very_low
pyronear-sdis-07_brison_127_2023-10-23T15-33-09,fp,pyronear-sdis-07_brison,127,2023-10-23,44.5451545715,4.2165341377,0.7581,0.36222499999999996,4.0,0.0,very_low
pyronear-sdis-07_brison_127_2023-11-04T11-00-50,fp,pyronear-sdis-07_brison,127,2023-11-04,44.5451545715,4.2165341377,0.4791,0.36585,10.0,0.0,very_low
pyronear-sdis-07_brison_127_2024-01-14T10-55-08,fp,pyronear-sdis-07_brison,127,2024-01-14,44.5451545715,4.2165341377,0.2501,0.08839000000000001,10.0,0.0,very_low
pyronear-sdis-07_brison_127_2024-06-06T06-04-28,fp,pyronear-sdis-07_brison,127,2024-06-06,44.5451545715,4.2165341377,0.379,0.2591,5.0,10.433242797851562,low
pyronear-sdis-07_brison_127_2025-05-12T14-48-25,fp,pyronear-sdis-07_brison,127,2025-05-12,44.5451545715,4.2165341377,0.3986,0.20343,10.0,0.1049041748046875,very_low
pyronear-sdis-07_brison_200_2024-03-08T13-01-01,fp,pyronear-sdis-07_brison,200,2024-03-08,44.5451545715,4.2165341377,0.7274,0.36719000000000007,10.0,0.0,very_low
pyronear-sdis-07_brison_200_2024-08-09T15-35-04,fp,pyronear-sdis-07_brison,200,2024-08-09,44.5451545715,4.2165341377,0.5956,0.22683333333333336,6.0,40.15484619140625,very_high
pyronear-sdis-07_brison_20_2024-06-20T13-49-58,fp,pyronear-sdis-07_brison,20,2024-06-20,44.5451545715,4.2165341377,0.8193,0.35887,10.0,0.008331298828125,very_low
pyronear-sdis-07_brison_20_2024-06-25T16-57-40,fp,pyronear-sdis-07_brison,20,2024-06-25,44.5451545715,4.2165341377,0.8174,0.36992,10.0,8.96087646484375,low
pyronear-sdis-07_brison_20_2024-07-20T07-35-38,fp,pyronear-sdis-07_brison,20,2024-07-20,44.5451545715,4.2165341377,0.726,0.5173,10.0,22.73370361328125,high
pyronear-sdis-07_brison_226_2023-09-24T16-18-13,fp,pyronear-sdis-07_brison,226,2023-09-24,44.5451545715,4.2165341377,0.6917,0.5779571428571428,7.0,0.0,very_low
pyronear-sdis-07_brison_226_2023-10-17T09-35-35,fp,pyronear-sdis-07_brison,226,2023-10-17,44.5451545715,4.2165341377,0.3399,0.21795,6.0,0.0,very_low
pyronear-sdis-07_brison_226_2025-05-30T18-37-40,fp,pyronear-sdis-07_brison,226,2025-05-30,44.5451545715,4.2165341377,0.3448,0.1233,8.0,26.284698486328125,high
pyronear-sdis-07_brison_290_2024-01-05T08-02-09,fp,pyronear-sdis-07_brison,290,2024-01-05,44.5451545715,4.2165341377,0.71,0.42446,10.0,0.0,very_low
pyronear-sdis-07_brison_290_2024-02-17T17-15-44,fp,pyronear-sdis-07_brison,290,2024-02-17,44.5451545715,4.2165341377,0.3097,0.1256142857142857,7.0,0.0,very_low
pyronear-sdis-07_brison_290_2024-03-08T12-57-42,fp,pyronear-sdis-07_brison,290,2024-03-08,44.5451545715,4.2165341377,0.8297,0.35373,10.0,0.0,very_low
pyronear-sdis-07_brison_311_2023-07-04T05-56-26,fp,pyronear-sdis-07_brison,311,2023-07-04,44.5451545715,4.2165341377,0.7109,0.6085100000000001,10.0,0.0,very_low
pyronear-sdis-07_brison_311_2023-09-13T07-01-54,fp,pyronear-sdis-07_brison,311,2023-09-13,44.5451545715,4.2165341377,0.404,0.21869999999999998,7.0,0.0,very_low
pyronear-sdis-07_brison_311_2023-10-17T16-36-51,fp,pyronear-sdis-07_brison,311,2023-10-17,44.5451545715,4.2165341377,0.5067,0.19660000000000002,7.0,0.0,very_low
pyronear-sdis-07_brison_311_2025-05-03T05-44-34,fp,pyronear-sdis-07_brison,311,2025-05-03,44.5451545715,4.2165341377,0.2655,0.1958,10.0,0.306060791015625,very_low
pyronear-sdis-07_brison_39_2023-09-22T05-13-03,fp,pyronear-sdis-07_brison,39,2023-09-22,44.5451545715,4.2165341377,0.5404,0.39869999999999994,5.0,0.0,very_low
pyronear-sdis-07_brison_39_2023-10-14T08-13-39,fp,pyronear-sdis-07_brison,39,2023-10-14,44.5451545715,4.2165341377,0.8305,0.29475,6.0,0.0,very_low
pyronear-sdis-07_brison_39_2023-10-14T08-21-53,fp,pyronear-sdis-07_brison,39,2023-10-14,44.5451545715,4.2165341377,0.6549,0.20485714285714288,7.0,0.0,very_low
pyronear-sdis-07_brison_39_2023-10-14T09-12-11,fp,pyronear-sdis-07_brison,39,2023-10-14,44.5451545715,4.2165341377,0.5634,0.1791111111111111,9.0,0.0,very_low
pyronear-sdis-07_brison_39_2023-11-01T14-51-33,fp,pyronear-sdis-07_brison,39,2023-11-01,44.5451545715,4.2165341377,0.7224,0.45501111111111114,9.0,0.0,very_low
pyronear-sdis-07_brison_39_2025-05-06T11-11-07,fp,pyronear-sdis-07_brison,39,2025-05-06,44.5451545715,4.2165341377,0.2254,0.04991428571428571,7.0,0.7962799072265625,very_low
pyronear-sdis-07_marguerite_185_2023-09-16T08-19-58,fp,pyronear-sdis-07_marguerite,185,2023-09-16,44.6884918213,4.3135008812,0.4985,0.27622,10.0,0.0,very_low
pyronear-sdis-07_marguerite_185_2023-09-23T09-53-08,fp,pyronear-sdis-07_marguerite,185,2023-09-23,44.6884918213,4.3135008812,0.5949,0.31285,6.0,0.0,very_low
pyronear-sdis-07_marguerite_185_2024-02-26T16-02-00,fp,pyronear-sdis-07_marguerite,185,2024-02-26,44.6884918213,4.3135008812,0.6838,0.44780999999999993,10.0,0.0,very_low
pyronear-sdis-07_marguerite_185_2024-06-20T14-00-40,fp,pyronear-sdis-07_marguerite,185,2024-06-20,44.6884918213,4.3135008812,0.7247,0.28276666666666667,9.0,0.0004119877703487873,very_low
pyronear-sdis-07_marguerite_185_2024-09-13T08-19-02,fp,pyronear-sdis-07_marguerite,185,2024-09-13,44.6884918213,4.3135008812,0.2436,0.09909,10.0,21.184967041015625,moderate
pyronear-sdis-07_marguerite_185_2025-05-12T04-56-56,fp,pyronear-sdis-07_marguerite,185,2025-05-12,44.6884918213,4.3135008812,0.263,0.0945142857142857,7.0,0.096405029296875,very_low
pyronear-sdis-07_marguerite_282_2023-08-26T12-47-07,fp,pyronear-sdis-07_marguerite,282,2023-08-26,44.6884918213,4.3135008812,0.5207,0.31761000000000006,10.0,0.0,very_low
pyronear-sdis-07_marguerite_29_2023-10-24T14-58-00,fp,pyronear-sdis-07_marguerite,29,2023-10-24,44.6884918213,4.3135008812,0.4208,0.216775,4.0,0.0,very_low
pyronear-sdis-07_marguerite_29_2024-01-02T08-03-51,fp,pyronear-sdis-07_marguerite,29,2024-01-02,44.6884918213,4.3135008812,0.5789,0.32148750000000004,8.0,0.0,very_low
pyronear-sdis-07_marguerite_29_2024-01-23T09-57-05,fp,pyronear-sdis-07_marguerite,29,2024-01-23,44.6884918213,4.3135008812,0.7181,0.29346999999999995,10.0,0.0,very_low
pyronear-sdis-07_marguerite_29_2024-02-11T15-36-13,fp,pyronear-sdis-07_marguerite,29,2024-02-11,44.6884918213,4.3135008812,0.3481,0.09004285714285716,7.0,0.0,very_low
pyronear-sdis-07_marguerite_29_2024-02-26T15-27-38,fp,pyronear-sdis-07_marguerite,29,2024-02-26,44.6884918213,4.3135008812,0.5463,0.22623,10.0,0.0,very_low
pyronear-sdis-07_marguerite_29_2024-03-03T12-16-25,fp,pyronear-sdis-07_marguerite,29,2024-03-03,44.6884918213,4.3135008812,0.0,0.0,10.0,0.0,very_low
pyronear-sdis-07_marguerite_339_2023-07-04T07-23-31,fp,pyronear-sdis-07_marguerite,339,2023-07-04,44.6884918213,4.3135008812,0.7724,0.58497,10.0,0.0,very_low
pyronear-sdis-07_marguerite_339_2023-08-31T05-18-49,fp,pyronear-sdis-07_marguerite,339,2023-08-31,44.6884918213,4.3135008812,0.519,0.25148571428571426,7.0,0.0,very_low
pyronear-sdis-07_marguerite_339_2023-10-31T17-03-12,fp,pyronear-sdis-07_marguerite,339,2023-10-31,44.6884918213,4.3135008812,0.4025,0.1936,7.0,0.0,very_low
pyronear-sdis-07_marguerite_339_2024-01-24T08-58-27,fp,pyronear-sdis-07_marguerite,339,2024-01-24,44.6884918213,4.3135008812,0.3181,0.07242857142857143,7.0,0.0,very_low
pyronear-sdis-07_marguerite_339_2024-01-27T08-10-57,fp,pyronear-sdis-07_marguerite,339,2024-01-27,44.6884918213,4.3135008812,0.4803,0.22754444444444444,9.0,0.0,very_low
pyronear-sdis-07_marguerite_339_2025-05-09T11-56-14,fp,pyronear-sdis-07_marguerite,339,2025-05-09,44.6884918213,4.3135008812,0.5066,0.15360000000000001,10.0,7.4899749755859375,low
pyronear-sdis-07_marguerite_339_2025-05-13T11-25-03,fp,pyronear-sdis-07_marguerite,339,2025-05-13,44.6884918213,4.3135008812,0.3959,0.12624,5.0,0.669769287109375,very_low
pyronear-sdis-07_serre-de-barre_0_2024-09-22T16-03-39,fp,pyronear-sdis-07_serre-de-barre,0,2024-09-22,44.3968658447,4.0837349892,0.7356,0.5496800000000001,10.0,0.0092926025390625,very_low
pyronear-sdis-07_serre-de-barre_108_2024-09-12T13-47-06,fp,pyronear-sdis-07_serre-de-barre,108,2024-09-12,44.3968658447,4.0837349892,0.3703,0.15526,5.0,10.307846069335938,low
pyronear-sdis-07_serre-de-barre_160_2024-09-08T10-35-20,fp,pyronear-sdis-07_serre-de-barre,160,2024-09-08,44.3968658447,4.0837349892,0.2253,0.20134,5.0,4.5207534937752314e-10,very_low
pyronear-sdis-07_serre-de-barre_200_2024-08-16T17-48-12,fp,pyronear-sdis-07_serre-de-barre,200,2024-08-16,44.3968658447,4.0837349892,0.3119,0.06355999999999999,10.0,2.5451812744140625,very_low
pyronear-sdis-07_serre-de-barre_250_2024-08-27T11-08-58,fp,pyronear-sdis-07_serre-de-barre,250,2024-08-27,44.3968658447,4.0837349892,0.1415,0.02579,10.0,19.023788452148438,moderate
pyronear-sdis-07_serre-de-barre_310_2024-09-08T10-10-05,fp,pyronear-sdis-07_serre-de-barre,310,2024-09-08,44.3968658447,4.0837349892,0.1377,0.01377,10.0,4.5207534937752314e-10,very_low
pyronear-sdis-07_serre-de-barre_50_2024-09-16T13-10-36,fp,pyronear-sdis-07_serre-de-barre,50,2024-09-16,44.3968658447,4.0837349892,0.2802,0.08251,10.0,28.866790771484375,high
pyronear-sdis-12_pouncho-agast_136_2024-08-30T13-10-26,fp,pyronear-sdis-12_pouncho-agast,136,2024-08-30,44.1099029918,3.1014158442,0.2083,0.09502,10.0,20.12371826171875,moderate
40766,fp,moret-sur-loing-02,359.0,2026-05-08T05:08:49.031245,48.37916667,2.820833333,0.467,,,1.7958145141601562,very_low
40828,fp,croix-augas-01,285.0,2026-05-08T14:21:14.046482,48.4267461256,2.7108759097,0.435,,,0.9040374755859375,very_low
40864,fp,croix-augas-01,327.0,2026-05-08T15:47:21.436881,48.4267461256,2.7108759097,0.314,,,0.9040374755859375,very_low
41016,fp,nemours-02,291.0,2026-05-09T19:52:00.165332,48.2604833333,2.7063833333,0.566,,,6.919288635253906,low
41047,fp,nemours-02,291.0,2026-05-10T09:06:55.664288,48.2604833333,2.7063833333,0.34,,,6.782844543457031,low
41404,fp,moret-sur-loing-02,359.0,2026-05-11T06:49:09.961436,48.37916667,2.820833333,0.341,,,0.054229736328125,very_low
41423,fp,nemours-02,291.0,2026-05-11T11:00:30.893049,48.2604833333,2.7063833333,0.243,,,0.0290374755859375,very_low
40325,fp,moret-sur-loing-02,316.0,2026-05-05T05:09:50.907574,48.37916667,2.820833333,,,,0.0003509525558911264,very_low
40434,fp,nemours-01,194.0,2026-05-05T15:31:21.740068,48.2604833333,2.7063833333,0.405,,,3.051798194064759e-05,very_low
40445,fp,nemours-01,194.0,2026-05-05T15:51:51.691572,48.2604833333,2.7063833333,0.641,,,3.051798194064759e-05,very_low
40472,fp,nemours-01,52.0,2026-05-05T17:09:01.190813,48.2604833333,2.7063833333,0.651,,,3.051798194064759e-05,very_low
40673,fp,moret-sur-loing-02,359.0,2026-05-07T05:14:17.604640,48.37916667,2.820833333,0.649,,,0.236480712890625,very_low
40743,fp,croix-augas-01,285.0,2026-05-07T17:56:43.344492,48.4267461256,2.7108759097,0.44,,,0.072509765625,very_low
40875,fp,nemours-01,147.0,2026-05-08T17:29:18.531364,48.2604833333,2.7063833333,0.393,,,1.028289794921875,very_low
40880,fp,croix-augas-02,190.0,2026-05-08T17:46:09.750260,48.4267461256,2.7108759097,0.498,,,0.9040374755859375,very_low
40917,fp,moret-sur-loing-02,316.0,2026-05-09T06:01:55.791414,48.37916667,2.820833333,0.372,,,7.5889129638671875,low
40970,fp,croix-augas-01,285.0,2026-05-09T14:44:57.943662,48.4267461256,2.7108759097,0.327,,,6.510826110839844,low
40991,fp,videlles-01,157.0,2026-05-09T16:59:17.734410,48.478333333,2.42416667,0.407,,,6.337318420410156,low
40992,fp,croix-augas-02,235.0,2026-05-09T17:01:03.459103,48.4267461256,2.7108759097,0.392,,,6.510826110839844,low
41019,fp,moret-sur-loing-02,316.0,2026-05-10T04:35:09.364857,48.37916667,2.820833333,0.457,,,6.848350524902344,low
41322,fp,croix-augas-02,100.0,2026-05-10T18:48:45.351514,48.4267461256,2.7108759097,0.391,,,5.922340393066406,low
41335,fp,croix-augas-01,15.0,2026-05-10T19:02:45.283874,48.4267461256,2.7108759097,0.294,,,5.922340393066406,low
41361,fp,moret-sur-loing-02,89.0,2026-05-10T19:38:17.617348,48.37916667,2.820833333,0.562,,,6.848350524902344,low
41362,fp,nemours-01,52.0,2026-05-10T19:39:40.813516,48.2604833333,2.7063833333,0.77,,,6.782844543457031,low
41364,fp,nemours-02,25.0,2026-05-10T19:36:02.556003,48.2604833333,2.7063833333,0.469,,,6.782844543457031,low
41365,fp,nemours-02,25.0,2026-05-10T19:42:44.568272,48.2604833333,2.7063833333,0.601,,,6.782844543457031,low
41366,fp,nemours-01,52.0,2026-05-10T19:39:41.224340,48.2604833333,2.7063833333,0.671,,,6.782844543457031,low
41374,fp,nemours-02,25.0,2026-05-10T19:42:50.845363,48.2604833333,2.7063833333,0.66,,,6.782844543457031,low
40577,fp,moret-sur-loing-02,316.0,2026-05-06T09:10:46.275572,48.37916667,2.820833333,0.449,,,0.0002593998797237873,very_low
40584,fp,croix-augas-01,15.0,2026-05-06T10:53:44.092985,48.4267461256,2.7108759097,0.418,,,0.00010681199637474492,very_low
40587,fp,croix-augas-01,327.0,2026-05-06T11:03:44.583709,48.4267461256,2.7108759097,0.524,,,0.00010681199637474492,very_low
41079,fp,moret-sur-loing-01,235.0,2026-05-10T11:04:02.484693,48.37916667,2.820833333,0.373,,,6.848350524902344,low
41080,fp,moret-sur-loing-01,280.0,2026-05-10T10:39:54.029254,48.37916667,2.820833333,0.4,,,6.848350524902344,low
41106,fp,moret-sur-loing-01,235.0,2026-05-10T13:25:58.281507,48.37916667,2.820833333,0.396,,,6.848350524902344,low
41431,fp,nemours-02,25.0,2026-05-11T12:07:44.445657,48.2604833333,2.7063833333,0.287,,,0.0290374755859375,very_low
40640,fp,moret-sur-loing-01,280.0,2026-05-06T19:09:06.779815,48.37916667,2.820833333,0.33,,,0.0002593998797237873,very_low
40672,fp,nemours-01,52.0,2026-05-07T05:08:36.130315,48.2604833333,2.7063833333,0.568,,,0.13031768798828125,very_low
40737,fp,croix-augas-01,285.0,2026-05-07T17:14:43.223893,48.4267461256,2.7108759097,0.521,,,0.072509765625,very_low
40741,fp,croix-augas-01,285.0,2026-05-07T17:32:13.246148,48.4267461256,2.7108759097,0.431,,,0.072509765625,very_low
40761,fp,moret-sur-loing-01,280.0,2026-05-07T19:11:08.762991,48.37916667,2.820833333,0.427,,,0.236480712890625,very_low
40762,fp,croix-augas-01,285.0,2026-05-07T19:15:29.749365,48.4267461256,2.7108759097,0.427,,,0.072509765625,very_low
40781,fp,videlles-02,80.0,2026-05-08T05:06:02.740488,48.478333333,2.42416667,0.401,,,0.7481536865234375,very_low
40882,fp,croix-augas-01,285.0,2026-05-08T17:34:39.757812,48.4267461256,2.7108759097,0.498,,,0.9040374755859375,very_low
40889,fp,moret-sur-loing-01,280.0,2026-05-08T18:18:18.908892,48.37916667,2.820833333,0.543,,,1.7958145141601562,very_low
40911,fp,videlles-02,80.0,2026-05-09T05:14:28.027228,48.478333333,2.42416667,0.391,,,6.337318420410156,low
41458,fp,nemours-02,291.0,2026-05-11T16:00:21.297233,48.2604833333,2.7063833333,0.45,,,0.0290374755859375,very_low
40312,fp,croix-augas-01,327.0,2026-05-05T04:28:39.673744,48.4267461256,2.7108759097,,,,7.629797437402885e-06,very_low
40315,fp,croix-augas-02,190.0,2026-05-05T04:11:09.914737,48.4267461256,2.7108759097,,,,7.629797437402885e-06,very_low
40320,fp,croix-augas-01,60.0,2026-05-05T04:39:39.764190,48.4267461256,2.7108759097,,,,7.629797437402885e-06,very_low
40330,fp,moret-sur-loing-01,280.0,2026-05-05T05:25:20.712703,48.37916667,2.820833333,,,,0.0003509525558911264,very_low
40356,fp,moret-sur-loing-01,189.0,2026-05-05T11:05:47.256211,48.37916667,2.820833333,,,,0.0003509525558911264,very_low
40359,fp,moret-sur-loing-01,235.0,2026-05-05T13:23:06.517497,48.37916667,2.820833333,,,,0.0003509525558911264,very_low
40360,fp,moret-sur-loing-02,359.0,2026-05-05T11:21:42.567272,48.37916667,2.820833333,,,,0.0003509525558911264,very_low
40367,fp,moret-sur-loing-01,280.0,2026-05-05T12:16:29.005864,48.37916667,2.820833333,,,,0.0003509525558911264,very_low
40370,fp,moret-sur-loing-01,235.0,2026-05-05T12:43:28.703443,48.37916667,2.820833333,,,,0.0003509525558911264,very_low
40375,fp,moret-sur-loing-01,235.0,2026-05-05T13:51:38.236995,48.37916667,2.820833333,,,,0.0003509525558911264,very_low
40380,fp,nemours-02,25.0,2026-05-05T13:21:20.318474,48.2604833333,2.7063833333,,,,3.051798194064759e-05,very_low
40381,fp,nemours-01,52.0,2026-05-05T13:19:50.352384,48.2604833333,2.7063833333,,,,3.051798194064759e-05,very_low
40386,fp,moret-sur-loing-01,189.0,2026-05-05T13:31:06.379601,48.37916667,2.820833333,,,,0.0003509525558911264,very_low
40391,fp,croix-augas-02,235.0,2026-05-05T14:49:42.440894,48.4267461256,2.7108759097,0.559,,,7.629797437402885e-06,very_low
40392,fp,croix-augas-02,190.0,2026-05-05T13:50:41.484600,48.4267461256,2.7108759097,,,,7.629797437402885e-06,very_low
40394,fp,moret-sur-loing-01,235.0,2026-05-05T13:53:06.439838,48.37916667,2.820833333,,,,0.0003509525558911264,very_low
40403,fp,moret-sur-loing-01,235.0,2026-05-05T14:06:14.667177,48.37916667,2.820833333,,,,0.0003509525558911264,very_low
40404,fp,croix-augas-02,100.0,2026-05-05T14:12:12.450723,48.4267461256,2.7108759097,,,,7.629797437402885e-06,very_low
40405,fp,croix-augas-02,190.0,2026-05-05T14:16:12.653014,48.4267461256,2.7108759097,,,,7.629797437402885e-06,very_low
40406,fp,croix-augas-02,190.0,2026-05-05T14:56:42.424990,48.4267461256,2.7108759097,0.522,,,7.629797437402885e-06,very_low
40412,fp,moret-sur-loing-02,316.0,2026-05-05T14:30:15.651596,48.37916667,2.820833333,0.427,,,0.0003509525558911264,very_low
40413,fp,moret-sur-loing-01,189.0,2026-05-05T14:32:44.474301,48.37916667,2.820833333,0.483,,,0.0003509525558911264,very_low
40416,fp,moret-sur-loing-01,144.0,2026-05-05T14:37:44.575897,48.37916667,2.820833333,0.447,,,0.0003509525558911264,very_low
40420,fp,croix-augas-02,235.0,2026-05-05T14:49:42.770017,48.4267461256,2.7108759097,0.455,,,7.629797437402885e-06,very_low
40421,fp,croix-augas-01,327.0,2026-05-05T14:46:42.462710,48.4267461256,2.7108759097,0.38,,,7.629797437402885e-06,very_low
40425,fp,moret-sur-loing-02,44.0,2026-05-05T14:57:44.577610,48.37916667,2.820833333,0.521,,,0.0003509525558911264,very_low
40426,fp,moret-sur-loing-02,359.0,2026-05-05T17:24:08.752378,48.37916667,2.820833333,0.509,,,0.0003509525558911264,very_low
40427,fp,croix-augas-01,327.0,2026-05-05T14:57:42.374298,48.4267461256,2.7108759097,0.47,,,7.629797437402885e-06,very_low
40430,fp,croix-augas-02,190.0,2026-05-05T15:29:45.654879,48.4267461256,2.7108759097,0.508,,,7.629797437402885e-06,very_low
40431,fp,croix-augas-02,235.0,2026-05-05T15:20:45.572991,48.4267461256,2.7108759097,0.59,,,7.629797437402885e-06,very_low
40432,fp,croix-augas-02,100.0,2026-05-05T15:29:14.038127,48.4267461256,2.7108759097,0.516,,,7.629797437402885e-06,very_low
40436,fp,croix-augas-02,190.0,2026-05-05T15:34:44.075956,48.4267461256,2.7108759097,0.647,,,7.629797437402885e-06,very_low
40442,fp,croix-augas-01,285.0,2026-05-05T15:41:13.931765,48.4267461256,2.7108759097,0.436,,,7.629797437402885e-06,very_low
40443,fp,nemours-01,194.0,2026-05-05T15:47:21.518347,48.2604833333,2.7063833333,0.361,,,3.051798194064759e-05,very_low
40446,fp,moret-sur-loing-01,235.0,2026-05-05T15:53:57.867098,48.37916667,2.820833333,0.285,,,0.0003509525558911264,very_low
40447,fp,croix-augas-02,190.0,2026-05-05T15:53:51.214052,48.4267461256,2.7108759097,0.278,,,7.629797437402885e-06,very_low
40448,fp,moret-sur-loing-02,359.0,2026-05-05T16:00:54.990981,48.37916667,2.820833333,0.544,,,0.0003509525558911264,very_low
40449,fp,croix-augas-02,190.0,2026-05-05T16:00:45.133584,48.4267461256,2.7108759097,0.286,,,7.629797437402885e-06,very_low
40451,fp,nemours-01,147.0,2026-05-05T16:08:52.670194,48.2604833333,2.7063833333,0.679,,,3.051798194064759e-05,very_low
40454,fp,nemours-02,291.0,2026-05-05T16:24:22.757054,48.2604833333,2.7063833333,0.524,,,3.051798194064759e-05,very_low
40458,fp,nemours-01,147.0,2026-05-05T16:41:23.457896,48.2604833333,2.7063833333,0.459,,,3.051798194064759e-05,very_low
40464,fp,nemours-01,147.0,2026-05-05T17:38:31.399229,48.2604833333,2.7063833333,0.627,,,3.051798194064759e-05,very_low
40467,fp,nemours-02,340.0,2026-05-05T16:55:52.629776,48.2604833333,2.7063833333,0.391,,,3.051798194064759e-05,very_low
40471,fp,moret-sur-loing-02,316.0,2026-05-05T17:06:03.530137,48.37916667,2.820833333,0.664,,,0.0003509525558911264,very_low
40473,fp,nemours-02,25.0,2026-05-05T17:05:32.829834,48.2604833333,2.7063833333,0.318,,,3.051798194064759e-05,very_low
40474,fp,nemours-01,194.0,2026-05-05T17:08:02.195217,48.2604833333,2.7063833333,0.545,,,3.051798194064759e-05,very_low
40475,fp,nemours-01,100.0,2026-05-05T17:15:31.236361,48.2604833333,2.7063833333,0.544,,,3.051798194064759e-05,very_low
40476,fp,nemours-01,194.0,2026-05-05T17:13:39.888333,48.2604833333,2.7063833333,0.409,,,3.051798194064759e-05,very_low
40477,fp,nemours-02,340.0,2026-05-05T17:16:01.399960,48.2604833333,2.7063833333,0.425,,,3.051798194064759e-05,very_low
40478,fp,nemours-02,340.0,2026-05-05T17:19:02.240222,48.2604833333,2.7063833333,0.659,,,3.051798194064759e-05,very_low
40479,fp,nemours-02,340.0,2026-05-05T17:19:01.029298,48.2604833333,2.7063833333,0.439,,,3.051798194064759e-05,very_low
40481,fp,moret-sur-loing-01,235.0,2026-05-05T17:29:10.451386,48.37916667,2.820833333,0.602,,,0.0003509525558911264,very_low
40483,fp,moret-sur-loing-01,189.0,2026-05-05T17:31:34.767300,48.37916667,2.820833333,0.378,,,0.0003509525558911264,very_low
40488,fp,nemours-01,194.0,2026-05-05T17:37:02.306441,48.2604833333,2.7063833333,0.435,,,3.051798194064759e-05,very_low
40493,fp,moret-sur-loing-01,189.0,2026-05-05T17:49:05.218639,48.37916667,2.820833333,0.416,,,0.0003509525558911264,very_low
40494,fp,moret-sur-loing-01,189.0,2026-05-05T17:49:04.870789,48.37916667,2.820833333,0.66,,,0.0003509525558911264,very_low
40497,fp,nemours-02,25.0,2026-05-05T17:51:02.670660,48.2604833333,2.7063833333,0.651,,,3.051798194064759e-05,very_low
40498,fp,nemours-02,25.0,2026-05-05T17:55:01.315654,48.2604833333,2.7063833333,0.39,,,3.051798194064759e-05,very_low
40501,fp,moret-sur-loing-01,280.0,2026-05-05T18:24:35.792517,48.37916667,2.820833333,0.364,,,0.0003509525558911264,very_low
40503,fp,moret-sur-loing-01,235.0,2026-05-05T18:12:05.911634,48.37916667,2.820833333,0.326,,,0.0003509525558911264,very_low
40505,fp,moret-sur-loing-01,189.0,2026-05-05T18:15:35.671743,48.37916667,2.820833333,0.395,,,0.0003509525558911264,very_low
40506,fp,moret-sur-loing-01,189.0,2026-05-05T18:15:36.049547,48.37916667,2.820833333,0.182,,,0.0003509525558911264,very_low
40655,fp,moret-sur-loing-01,189.0,2026-05-07T04:32:38.469230,48.37916667,2.820833333,0.302,,,0.236480712890625,very_low
40659,fp,moret-sur-loing-02,359.0,2026-05-07T04:42:38.527555,48.37916667,2.820833333,0.454,,,0.236480712890625,very_low
40662,fp,moret-sur-loing-02,359.0,2026-05-07T04:49:09.485522,48.37916667,2.820833333,0.432,,,0.236480712890625,very_low
40679,fp,moret-sur-loing-01,235.0,2026-05-07T05:54:48.705265,48.37916667,2.820833333,0.392,,,0.236480712890625,very_low
40791,fp,videlles-02,80.0,2026-05-08T06:08:07.476161,48.478333333,2.42416667,0.317,,,0.7481536865234375,very_low
40902,fp,croix-augas-01,60.0,2026-05-08T19:12:26.563559,48.4267461256,2.7108759097,0.391,,,0.9040374755859375,very_low
40906,fp,moret-sur-loing-01,189.0,2026-05-09T05:01:54.244540,48.37916667,2.820833333,0.612,,,7.5889129638671875,low
40908,fp,nemours-01,194.0,2026-05-09T04:47:53.332349,48.2604833333,2.7063833333,0.411,,,6.919288635253906,low
40909,fp,croix-augas-01,60.0,2026-05-09T04:40:23.215989,48.4267461256,2.7108759097,0.393,,,6.510826110839844,low
41040,fp,nemours-01,52.0,2026-05-10T07:39:32.167564,48.2604833333,2.7063833333,0.293,,,6.782844543457031,low
41042,fp,nemours-02,25.0,2026-05-10T07:42:02.227928,48.2604833333,2.7063833333,0.379,,,6.782844543457031,low
41075,fp,nemours-02,25.0,2026-05-10T10:15:35.046375,48.2604833333,2.7063833333,0.397,,,6.782844543457031,low
41105,fp,croix-augas-01,285.0,2026-05-10T13:06:17.148761,48.4267461256,2.7108759097,0.32,,,5.922340393066406,low
41116,fp,croix-augas-01,60.0,2026-05-10T14:12:26.541510,48.4267461256,2.7108759097,0.595,,,5.922340393066406,low
41117,fp,nemours-01,100.0,2026-05-10T14:15:05.650071,48.2604833333,2.7063833333,0.265,,,6.782844543457031,low
41118,fp,croix-augas-01,60.0,2026-05-10T14:18:56.395541,48.4267461256,2.7108759097,0.406,,,5.922340393066406,low
41123,fp,croix-augas-01,60.0,2026-05-10T15:57:04.811608,48.4267461256,2.7108759097,0.36,,,5.922340393066406,low
41124,fp,moret-sur-loing-01,235.0,2026-05-10T14:42:38.121177,48.37916667,2.820833333,0.382,,,6.848350524902344,low
41133,fp,nemours-01,147.0,2026-05-10T15:10:43.947865,48.2604833333,2.7063833333,0.624,,,6.782844543457031,low
41136,fp,croix-augas-01,285.0,2026-05-10T15:15:05.587442,48.4267461256,2.7108759097,0.356,,,5.922340393066406,low
41137,fp,croix-augas-02,100.0,2026-05-10T16:14:20.425831,48.4267461256,2.7108759097,0.603,,,5.922340393066406,low
41138,fp,croix-augas-01,285.0,2026-05-10T15:20:05.389617,48.4267461256,2.7108759097,0.449,,,5.922340393066406,low
41139,fp,croix-augas-02,100.0,2026-05-10T16:56:43.640241,48.4267461256,2.7108759097,0.662,,,5.922340393066406,low
41141,fp,croix-augas-01,327.0,2026-05-10T15:30:35.334814,48.4267461256,2.7108759097,0.495,,,5.922340393066406,low
41142,fp,moret-sur-loing-01,235.0,2026-05-10T18:03:15.159790,48.37916667,2.820833333,0.578,,,6.848350524902344,low
41143,fp,croix-augas-01,15.0,2026-05-10T17:43:14.043481,48.4267461256,2.7108759097,0.683,,,5.922340393066406,low
41145,fp,nemours-02,25.0,2026-05-10T18:23:53.256147,48.2604833333,2.7063833333,0.521,,,6.782844543457031,low
41146,fp,croix-augas-01,327.0,2026-05-10T15:55:04.762376,48.4267461256,2.7108759097,0.28,,,5.922340393066406,low
41148,fp,videlles-01,157.0,2026-05-10T17:37:32.726861,48.478333333,2.42416667,0.542,,,5.300163269042969,low
41149,fp,nemours-02,340.0,2026-05-10T18:24:50.493324,48.2604833333,2.7063833333,0.617,,,6.782844543457031,low
41150,fp,nemours-02,25.0,2026-05-10T17:06:45.399291,48.2604833333,2.7063833333,0.657,,,6.782844543457031,low
41151,fp,nemours-02,25.0,2026-05-10T16:44:21.193126,48.2604833333,2.7063833333,0.555,,,6.782844543457031,low
41152,fp,croix-augas-02,100.0,2026-05-10T17:18:45.812827,48.4267461256,2.7108759097,0.598,,,5.922340393066406,low
41153,fp,nemours-02,340.0,2026-05-10T15:57:44.432795,48.2604833333,2.7063833333,0.481,,,6.782844543457031,low
41154,fp,croix-augas-01,327.0,2026-05-10T15:59:34.736295,48.4267461256,2.7108759097,0.422,,,5.922340393066406,low
41156,fp,videlles-01,157.0,2026-05-10T16:03:43.589224,48.478333333,2.42416667,0.483,,,5.300163269042969,low
41159,fp,croix-augas-01,60.0,2026-05-10T16:08:13.607839,48.4267461256,2.7108759097,0.455,,,5.922340393066406,low
41161,fp,croix-augas-01,327.0,2026-05-10T16:12:12.611792,48.4267461256,2.7108759097,0.672,,,5.922340393066406,low
41163,fp,croix-augas-01,327.0,2026-05-10T16:14:42.906241,48.4267461256,2.7108759097,0.357,,,5.922340393066406,low
41164,fp,croix-augas-01,60.0,2026-05-10T16:54:12.745145,48.4267461256,2.7108759097,0.618,,,5.922340393066406,low
41166,fp,croix-augas-02,146.0,2026-05-10T16:16:13.651805,48.4267461256,2.7108759097,0.418,,,5.922340393066406,low
41168,fp,nemours-01,194.0,2026-05-10T18:30:50.674935,48.2604833333,2.7063833333,0.628,,,6.782844543457031,low
41170,fp,croix-augas-01,60.0,2026-05-10T16:17:46.804634,48.4267461256,2.7108759097,0.458,,,5.922340393066406,low
41171,fp,croix-augas-02,235.0,2026-05-10T16:21:12.931633,48.4267461256,2.7108759097,0.429,,,5.922340393066406,low
41174,fp,moret-sur-loing-02,316.0,2026-05-10T17:28:13.296564,48.37916667,2.820833333,0.456,,,6.848350524902344,low
41177,fp,croix-augas-01,60.0,2026-05-10T16:50:44.225342,48.4267461256,2.7108759097,0.517,,,5.922340393066406,low
41178,fp,moret-sur-loing-01,189.0,2026-05-10T19:36:50.051319,48.37916667,2.820833333,0.678,,,6.848350524902344,low
41179,fp,croix-augas-01,327.0,2026-05-10T16:37:12.832432,48.4267461256,2.7108759097,0.511,,,5.922340393066406,low
41180,fp,nemours-01,100.0,2026-05-10T16:39:45.375022,48.2604833333,2.7063833333,0.638,,,6.782844543457031,low
41181,fp,nemours-02,25.0,2026-05-10T18:30:51.473192,48.2604833333,2.7063833333,0.55,,,6.782844543457031,low
41182,fp,videlles-01,157.0,2026-05-10T16:38:37.752878,48.478333333,2.42416667,0.378,,,5.300163269042969,low
41183,fp,croix-augas-02,235.0,2026-05-10T16:40:43.479250,48.4267461256,2.7108759097,0.468,,,5.922340393066406,low
41184,fp,croix-augas-02,146.0,2026-05-10T16:42:42.996395,48.4267461256,2.7108759097,0.591,,,5.922340393066406,low
41185,fp,nemours-02,340.0,2026-05-10T16:41:45.422432,48.2604833333,2.7063833333,0.408,,,6.782844543457031,low
41187,fp,moret-sur-loing-01,235.0,2026-05-10T17:52:14.067658,48.37916667,2.820833333,0.663,,,6.848350524902344,low
41188,fp,nemours-01,147.0,2026-05-10T16:45:51.421893,48.2604833333,2.7063833333,0.553,,,6.782844543457031,low
41189,fp,moret-sur-loing-01,235.0,2026-05-10T18:48:46.206748,48.37916667,2.820833333,0.551,,,6.848350524902344,low
41190,fp,croix-augas-02,146.0,2026-05-10T16:52:52.127942,48.4267461256,2.7108759097,0.383,,,5.922340393066406,low
41192,fp,croix-augas-01,285.0,2026-05-10T17:39:14.503563,48.4267461256,2.7108759097,0.587,,,5.922340393066406,low
41193,fp,croix-augas-01,285.0,2026-05-10T16:49:50.098765,48.4267461256,2.7108759097,0.156,,,5.922340393066406,low
41194,fp,nemours-02,25.0,2026-05-10T18:24:51.599901,48.2604833333,2.7063833333,0.617,,,6.782844543457031,low
41195,fp,croix-augas-02,235.0,2026-05-10T17:25:15.143820,48.4267461256,2.7108759097,0.416,,,5.922340393066406,low
41196,fp,croix-augas-02,146.0,2026-05-10T16:55:22.711372,48.4267461256,2.7108759097,0.411,,,5.922340393066406,low
41199,fp,nemours-02,25.0,2026-05-10T16:54:15.673614,48.2604833333,2.7063833333,0.391,,,6.782844543457031,low
41200,fp,croix-augas-01,327.0,2026-05-10T16:55:50.041025,48.4267461256,2.7108759097,0.42,,,5.922340393066406,low
41201,fp,croix-augas-01,285.0,2026-05-10T17:03:43.117860,48.4267461256,2.7108759097,0.471,,,5.922340393066406,low
41202,fp,croix-augas-01,285.0,2026-05-10T17:19:14.553390,48.4267461256,2.7108759097,0.523,,,5.922340393066406,low
41204,fp,croix-augas-01,60.0,2026-05-10T17:02:43.864850,48.4267461256,2.7108759097,0.7,,,5.922340393066406,low
41206,fp,moret-sur-loing-01,189.0,2026-05-10T17:42:43.221245,48.37916667,2.820833333,0.395,,,6.848350524902344,low
41207,fp,croix-augas-01,285.0,2026-05-10T17:01:12.631981,48.4267461256,2.7108759097,0.335,,,5.922340393066406,low
41208,fp,moret-sur-loing-01,189.0,2026-05-10T17:41:44.165372,48.37916667,2.820833333,0.515,,,6.848350524902344,low
41209,fp,nemours-01,52.0,2026-05-10T18:57:20.266612,48.2604833333,2.7063833333,0.522,,,6.782844543457031,low
41210,fp,nemours-02,25.0,2026-05-10T18:56:51.297151,48.2604833333,2.7063833333,0.443,,,6.782844543457031,low
41211,fp,moret-sur-loing-01,235.0,2026-05-10T17:38:18.039486,48.37916667,2.820833333,0.474,,,6.848350524902344,low
41212,fp,croix-augas-02,235.0,2026-05-10T17:02:14.575880,48.4267461256,2.7108759097,0.301,,,5.922340393066406,low
41213,fp,nemours-02,340.0,2026-05-10T17:01:53.890067,48.2604833333,2.7063833333,0.353,,,6.782844543457031,low
41215,fp,moret-sur-loing-01,235.0,2026-05-10T17:08:42.020159,48.37916667,2.820833333,0.511,,,6.848350524902344,low
41216,fp,croix-augas-01,327.0,2026-05-10T17:05:42.979595,48.4267461256,2.7108759097,0.58,,,5.922340393066406,low
41218,fp,croix-augas-01,327.0,2026-05-10T17:08:44.143110,48.4267461256,2.7108759097,0.0,,,5.922340393066406,low
41219,fp,croix-augas-01,327.0,2026-05-10T17:42:14.265597,48.4267461256,2.7108759097,0.644,,,5.922340393066406,low
41220,fp,nemours-01,147.0,2026-05-10T17:10:46.281760,48.2604833333,2.7063833333,0.452,,,6.782844543457031,low
41221,fp,croix-augas-01,60.0,2026-05-10T17:11:14.156580,48.4267461256,2.7108759097,0.323,,,5.922340393066406,low
41222,fp,moret-sur-loing-01,235.0,2026-05-10T17:12:40.956893,48.37916667,2.820833333,0.48,,,6.848350524902344,low
41223,fp,croix-augas-01,60.0,2026-05-10T17:22:44.211427,48.4267461256,2.7108759097,0.515,,,5.922340393066406,low
41225,fp,croix-augas-02,190.0,2026-05-10T17:19:45.160818,48.4267461256,2.7108759097,0.42,,,5.922340393066406,low
41227,fp,nemours-02,25.0,2026-05-10T17:49:46.291228,48.2604833333,2.7063833333,0.405,,,6.782844543457031,low
41228,fp,nemours-01,52.0,2026-05-10T17:19:17.933891,48.2604833333,2.7063833333,0.418,,,6.782844543457031,low
41229,fp,videlles-01,157.0,2026-05-10T19:43:26.823785,48.478333333,2.42416667,0.43,,,5.300163269042969,low
41233,fp,nemours-02,291.0,2026-05-10T17:18:46.297393,48.2604833333,2.7063833333,0.409,,,6.782844543457031,low
41235,fp,croix-augas-02,235.0,2026-05-10T17:20:44.824806,48.4267461256,2.7108759097,0.286,,,5.922340393066406,low
41236,fp,nemours-01,147.0,2026-05-10T17:20:47.472761,48.2604833333,2.7063833333,0.581,,,6.782844543457031,low
41237,fp,croix-augas-01,15.0,2026-05-10T17:21:50.920430,48.4267461256,2.7108759097,0.33,,,5.922340393066406,low
41241,fp,croix-augas-02,235.0,2026-05-10T17:26:45.267565,48.4267461256,2.7108759097,0.466,,,5.922340393066406,low
41242,fp,nemours-02,340.0,2026-05-10T19:11:51.576483,48.2604833333,2.7063833333,0.485,,,6.782844543457031,low
41243,fp,nemours-02,25.0,2026-05-10T17:29:46.364858,48.2604833333,2.7063833333,0.506,,,6.782844543457031,low
41247,fp,moret-sur-loing-01,235.0,2026-05-10T17:58:15.108723,48.37916667,2.820833333,0.618,,,6.848350524902344,low
41248,fp,croix-augas-02,190.0,2026-05-10T17:31:44.114466,48.4267461256,2.7108759097,0.508,,,5.922340393066406,low
41251,fp,nemours-02,340.0,2026-05-10T17:32:46.440021,48.2604833333,2.7063833333,0.401,,,6.782844543457031,low
41252,fp,croix-augas-01,327.0,2026-05-10T17:37:50.674708,48.4267461256,2.7108759097,0.561,,,5.922340393066406,low
41253,fp,moret-sur-loing-01,189.0,2026-05-10T18:03:48.992268,48.37916667,2.820833333,0.358,,,6.848350524902344,low
41255,fp,nemours-02,25.0,2026-05-10T17:38:16.748513,48.2604833333,2.7063833333,0.625,,,6.782844543457031,low
41256,fp,videlles-01,109.0,2026-05-10T17:35:39.672925,48.478333333,2.42416667,0.267,,,5.300163269042969,low
41258,fp,croix-augas-01,15.0,2026-05-10T17:37:59.090509,48.4267461256,2.7108759097,0.24,,,5.922340393066406,low
41262,fp,moret-sur-loing-02,359.0,2026-05-10T18:12:13.212286,48.37916667,2.820833333,0.52,,,6.848350524902344,low
41264,fp,croix-augas-02,190.0,2026-05-10T17:45:14.159485,48.4267461256,2.7108759097,0.447,,,5.922340393066406,low
41265,fp,nemours-02,25.0,2026-05-10T17:43:46.343509,48.2604833333,2.7063833333,0.386,,,6.782844543457031,low
41267,fp,croix-augas-02,100.0,2026-05-10T17:49:14.055049,48.4267461256,2.7108759097,0.327,,,5.922340393066406,low
41268,fp,moret-sur-loing-01,189.0,2026-05-10T17:53:43.237105,48.37916667,2.820833333,0.68,,,6.848350524902344,low
41269,fp,moret-sur-loing-02,359.0,2026-05-10T17:53:14.940022,48.37916667,2.820833333,0.37,,,6.848350524902344,low
41271,fp,moret-sur-loing-01,280.0,2026-05-10T17:56:44.221787,48.37916667,2.820833333,0.273,,,6.848350524902344,low
41272,fp,moret-sur-loing-01,235.0,2026-05-10T17:56:14.138190,48.37916667,2.820833333,0.281,,,6.848350524902344,low
41273,fp,moret-sur-loing-01,235.0,2026-05-10T17:59:43.248332,48.37916667,2.820833333,0.373,,,6.848350524902344,low
41275,fp,nemours-02,291.0,2026-05-10T18:05:17.132563,48.2604833333,2.7063833333,0.536,,,6.782844543457031,low
41276,fp,croix-augas-02,100.0,2026-05-10T18:02:25.392565,48.4267461256,2.7108759097,0.36,,,5.922340393066406,low
41278,fp,croix-augas-01,285.0,2026-05-10T18:32:15.200635,48.4267461256,2.7108759097,0.673,,,5.922340393066406,low
41279,fp,moret-sur-loing-01,235.0,2026-05-10T18:41:16.320242,48.37916667,2.820833333,0.499,,,6.848350524902344,low
41281,fp,nemours-02,291.0,2026-05-10T18:06:18.403283,48.2604833333,2.7063833333,0.281,,,6.782844543457031,low
41282,fp,nemours-02,25.0,2026-05-10T18:40:27.217742,48.2604833333,2.7063833333,0.477,,,6.782844543457031,low
41286,fp,videlles-01,157.0,2026-05-10T18:17:57.605798,48.478333333,2.42416667,0.479,,,5.300163269042969,low
41287,fp,croix-augas-02,100.0,2026-05-10T18:21:15.125611,48.4267461256,2.7108759097,0.372,,,5.922340393066406,low
41295,fp,nemours-02,340.0,2026-05-10T18:30:21.540818,48.2604833333,2.7063833333,0.628,,,6.782844543457031,low
41296,fp,moret-sur-loing-01,280.0,2026-05-10T18:28:16.225037,48.37916667,2.820833333,0.479,,,6.848350524902344,low
41298,fp,nemours-01,194.0,2026-05-10T18:27:50.311508,48.2604833333,2.7063833333,0.44,,,6.782844543457031,low
41300,fp,croix-augas-01,327.0,2026-05-10T18:35:45.143786,48.4267461256,2.7108759097,0.564,,,5.922340393066406,low
41304,fp,croix-augas-02,190.0,2026-05-10T18:34:46.229320,48.4267461256,2.7108759097,0.612,,,5.922340393066406,low
41306,fp,videlles-01,109.0,2026-05-10T18:58:27.440530,48.478333333,2.42416667,0.656,,,5.300163269042969,low
41307,fp,nemours-02,340.0,2026-05-10T18:36:50.273312,48.2604833333,2.7063833333,0.258,,,6.782844543457031,low
41309,fp,nemours-02,291.0,2026-05-10T18:36:30.367389,48.2604833333,2.7063833333,0.385,,,6.782844543457031,low
41313,fp,croix-augas-02,100.0,2026-05-10T18:43:15.943606,48.4267461256,2.7108759097,0.454,,,5.922340393066406,low
41314,fp,croix-augas-01,327.0,2026-05-10T18:48:19.895989,48.4267461256,2.7108759097,0.466,,,5.922340393066406,low
41319,fp,nemours-01,100.0,2026-05-10T19:10:50.372281,48.2604833333,2.7063833333,0.671,,,6.782844543457031,low
41326,fp,croix-augas-02,146.0,2026-05-10T18:54:15.360737,48.4267461256,2.7108759097,0.47,,,5.922340393066406,low
41329,fp,moret-sur-loing-02,359.0,2026-05-10T19:00:47.704400,48.37916667,2.820833333,0.288,,,6.848350524902344,low
41333,fp,moret-sur-loing-02,44.0,2026-05-10T19:06:54.661750,48.37916667,2.820833333,0.347,,,6.848350524902344,low
41338,fp,croix-augas-01,327.0,2026-05-10T19:09:45.302558,48.4267461256,2.7108759097,0.509,,,5.922340393066406,low
41339,fp,nemours-02,246.0,2026-05-10T19:12:20.279520,48.2604833333,2.7063833333,0.486,,,6.782844543457031,low
41341,fp,nemours-02,340.0,2026-05-10T19:29:23.955956,48.2604833333,2.7063833333,0.617,,,6.782844543457031,low
41343,fp,croix-augas-01,60.0,2026-05-10T19:19:15.930321,48.4267461256,2.7108759097,0.38,,,5.922340393066406,low
41344,fp,moret-sur-loing-02,316.0,2026-05-10T19:17:56.275714,48.37916667,2.820833333,0.26,,,6.848350524902344,low
41347,fp,moret-sur-loing-01,189.0,2026-05-10T19:20:46.749526,48.37916667,2.820833333,0.355,,,6.848350524902344,low
41350,fp,moret-sur-loing-01,189.0,2026-05-10T19:25:47.889339,48.37916667,2.820833333,0.376,,,6.848350524902344,low
41351,fp,croix-augas-01,60.0,2026-05-10T19:27:16.206129,48.4267461256,2.7108759097,0.452,,,5.922340393066406,low
41352,fp,nemours-02,25.0,2026-05-10T19:27:55.725033,48.2604833333,2.7063833333,0.425,,,6.782844543457031,low
41353,fp,moret-sur-loing-01,280.0,2026-05-10T19:27:47.798615,48.37916667,2.820833333,0.271,,,6.848350524902344,low
41355,fp,nemours-02,25.0,2026-05-10T19:29:24.888225,48.2604833333,2.7063833333,0.428,,,6.782844543457031,low
41358,fp,nemours-01,194.0,2026-05-10T19:31:22.317005,48.2604833333,2.7063833333,0.362,,,6.782844543457031,low
41360,fp,nemours-01,52.0,2026-05-10T19:33:51.847710,48.2604833333,2.7063833333,0.37,,,6.782844543457031,low
41367,fp,moret-sur-loing-01,189.0,2026-05-10T19:37:47.945878,48.37916667,2.820833333,0.312,,,6.848350524902344,low
41368,fp,nemours-02,291.0,2026-05-10T19:40:43.391282,48.2604833333,2.7063833333,0.521,,,6.782844543457031,low
41371,fp,moret-sur-loing-02,359.0,2026-05-10T19:43:17.606859,48.37916667,2.820833333,0.582,,,6.848350524902344,low
41372,fp,moret-sur-loing-01,144.0,2026-05-10T19:41:17.726901,48.37916667,2.820833333,0.394,,,6.848350524902344,low
40574,fp,nemours-01,194.0,2026-05-06T08:20:58.608079,48.2604833333,2.7063833333,0.325,,,3.051805106224492e-05,very_low
40597,fp,nemours-02,25.0,2026-05-06T19:00:06.841759,48.2604833333,2.7063833333,0.441,,,3.051805106224492e-05,very_low
40634,fp,nemours-02,246.0,2026-05-06T18:16:11.416313,48.2604833333,2.7063833333,0.453,,,3.051805106224492e-05,very_low
40710,fp,nemours-02,25.0,2026-05-07T11:02:56.313767,48.2604833333,2.7063833333,0.33,,,0.13031768798828125,very_low
40733,fp,croix-augas-01,285.0,2026-05-07T16:36:34.710560,48.4267461256,2.7108759097,0.556,,,0.072509765625,very_low
40749,fp,nemours-02,246.0,2026-05-07T18:52:04.071431,48.2604833333,2.7063833333,0.514,,,0.13031768798828125,very_low
40750,fp,moret-sur-loing-01,189.0,2026-05-07T18:46:31.837685,48.37916667,2.820833333,0.427,,,0.236480712890625,very_low
40787,fp,videlles-02,80.0,2026-05-08T05:38:38.740610,48.478333333,2.42416667,0.245,,,0.7481536865234375,very_low
40891,fp,nemours-02,246.0,2026-05-08T19:02:22.960388,48.2604833333,2.7063833333,0.568,,,1.028289794921875,very_low
40949,fp,nemours-02,25.0,2026-05-09T09:32:39.150130,48.2604833333,2.7063833333,0.393,,,6.919288635253906,low
41003,fp,nemours-02,246.0,2026-05-09T18:42:21.935862,48.2604833333,2.7063833333,0.605,,,6.919288635253906,low
41010,fp,nemours-02,25.0,2026-05-09T19:24:59.450428,48.2604833333,2.7063833333,0.361,,,6.919288635253906,low
41429,fp,nemours-02,25.0,2026-05-11T12:03:09.843328,48.2604833333,2.7063833333,0.301,,,0.0290374755859375,very_low
40402,fp,moret-sur-loing-02,316.0,2026-05-05T14:10:16.579340,48.37916667,2.820833333,,,,0.0003509525558911264,very_low
40429,smoke,nemours-02,291.0,2026-05-05T15:38:21.668754,48.2604833333,2.7063833333,0.605,,,3.051798194064759e-05,very_low
40457,smoke,nemours-01,194.0,2026-05-05T17:28:01.266948,48.2604833333,2.7063833333,0.717,,,3.051798194064759e-05,very_low
40613,smoke,moret-sur-loing-01,189.0,2026-05-06T15:11:49.524372,48.37916667,2.820833333,0.609,,,0.0002593998797237873,very_low
40630,smoke,nemours-01,194.0,2026-05-06T18:00:59.839782,48.2604833333,2.7063833333,0.521,,,3.051805106224492e-05,very_low
40668,smoke,moret-sur-loing-01,189.0,2026-05-07T05:45:47.749702,48.37916667,2.820833333,0.688,,,0.236480712890625,very_low
40671,smoke,croix-augas-02,235.0,2026-05-07T05:11:21.582819,48.4267461256,2.7108759097,0.717,,,0.072509765625,very_low
40732,smoke,moret-sur-loing-01,189.0,2026-05-07T16:21:10.765701,48.37916667,2.820833333,0.623,,,0.236480712890625,very_low
40810,smoke,videlles-02,80.0,2026-05-08T10:57:53.943165,48.478333333,2.42416667,0.697,,,0.7481536865234375,very_low
40821,smoke,videlles-02,80.0,2026-05-08T11:34:23.736496,48.478333333,2.42416667,0.621,,,0.7481536865234375,very_low
40822,smoke,moret-sur-loing-01,280.0,2026-05-08T12:07:14.669375,48.37916667,2.820833333,0.652,,,1.7958145141601562,very_low
40830,smoke,moret-sur-loing-01,280.0,2026-05-08T15:36:48.832719,48.37916667,2.820833333,0.716,,,1.7958145141601562,very_low
40862,smoke,croix-augas-01,327.0,2026-05-08T15:45:51.400960,48.4267461256,2.7108759097,0.61,,,0.9040374755859375,very_low
40903,smoke,nemours-01,194.0,2026-05-08T19:23:52.087997,48.2604833333,2.7063833333,0.626,,,1.028289794921875,very_low
40993,smoke,moret-sur-loing-02,316.0,2026-05-09T17:02:23.167551,48.37916667,2.820833333,0.491,,,7.5889129638671875,low
40995,smoke,videlles-01,109.0,2026-05-09T17:45:49.016251,48.478333333,2.42416667,0.661,,,6.337318420410156,low
41001,smoke,videlles-01,109.0,2026-05-09T18:02:18.546405,48.478333333,2.42416667,0.496,,,6.337318420410156,low
41083,smoke,moret-sur-loing-01,189.0,2026-05-10T10:56:19.583309,48.37916667,2.820833333,0.69,,,6.848350524902344,low
41112,smoke,moret-sur-loing-02,359.0,2026-05-10T14:50:37.961844,48.37916667,2.820833333,0.69,,,6.848350524902344,low
41119,smoke,moret-sur-loing-02,316.0,2026-05-10T14:26:37.793738,48.37916667,2.820833333,0.547,,,6.848350524902344,low
41129,smoke,moret-sur-loing-02,359.0,2026-05-10T14:56:08.924525,48.37916667,2.820833333,0.723,,,6.848350524902344,low
41135,smoke,moret-sur-loing-02,359.0,2026-05-10T15:13:08.637644,48.37916667,2.820833333,0.518,,,6.848350524902344,low
41289,smoke,nemours-01,194.0,2026-05-10T18:29:50.844630,48.2604833333,2.7063833333,0.701,,,6.782844543457031,low
41310,smoke,nemours-01,194.0,2026-05-10T19:40:42.550617,48.2604833333,2.7063833333,0.781,,,6.782844543457031,low
41328,smoke,moret-sur-loing-01,189.0,2026-05-10T19:17:46.313957,48.37916667,2.820833333,0.774,,,6.848350524902344,low
41330,smoke,moret-sur-loing-01,235.0,2026-05-10T19:16:16.775921,48.37916667,2.820833333,0.801,,,6.848350524902344,low
41356,smoke,nemours-02,291.0,2026-05-10T19:36:15.611894,48.2604833333,2.7063833333,0.579,,,6.782844543457031,low
41440,smoke,moret-sur-loing-02,316.0,2026-05-11T14:16:22.167955,48.37916667,2.820833333,0.787,,,0.054229736328125,very_low
41441,smoke,croix-augas-01,327.0,2026-05-11T14:14:51.179689,48.4267461256,2.7108759097,0.701,,,0.039703369140625,very_low
41442,smoke,videlles-01,109.0,2026-05-11T14:14:22.624061,48.478333333,2.42416667,0.646,,,0.0207977294921875,very_low
41443,smoke,moret-sur-loing-01,280.0,2026-05-11T14:16:20.749097,48.37916667,2.820833333,0.776,,,0.054229736328125,very_low
41444,smoke,videlles-02,80.0,2026-05-11T14:14:52.883311,48.478333333,2.42416667,0.701,,,0.0207977294921875,very_low
40965,smoke,videlles-02,80.0,2026-05-09T13:37:51.160744,48.478333333,2.42416667,0.531,,,6.337318420410156,low
40631,smoke,nemours-02,246.0,2026-05-06T17:59:00.659866,48.2604833333,2.7063833333,0.402,,,3.051805106224492e-05,very_low
40686,smoke,videlles-01,157.0,2026-05-07T09:24:26.494412,48.478333333,2.42416667,0.742,,,0.03273773193359375,very_low
40692,smoke,moret-sur-loing-01,144.0,2026-05-07T07:55:33.016653,48.37916667,2.820833333,0.6,,,0.236480712890625,very_low
40700,smoke,videlles-02,80.0,2026-05-07T08:50:50.579013,48.478333333,2.42416667,0.634,,,0.03273773193359375,very_low
40721,smoke,videlles-01,157.0,2026-05-07T12:54:34.740567,48.478333333,2.42416667,0.765,,,0.03273773193359375,very_low
40844,smoke,croix-augas-01,60.0,2026-05-08T14:51:14.089142,48.4267461256,2.7108759097,0.662,,,0.9040374755859375,very_low
40972,smoke,nemours-02,291.0,2026-05-09T15:15:49.265499,48.2604833333,2.7063833333,0.681,,,6.919288635253906,low
40997,smoke,croix-augas-01,285.0,2026-05-09T18:39:37.855431,48.4267461256,2.7108759097,0.749,,,6.510826110839844,low
41039,smoke,croix-augas-01,60.0,2026-05-10T06:45:45.073027,48.4267461256,2.7108759097,0.524,,,5.922340393066406,low
41053,smoke,nemours-02,291.0,2026-05-10T08:42:49.891236,48.2604833333,2.7063833333,0.575,,,6.782844543457031,low
41434,smoke,videlles-01,109.0,2026-05-11T12:38:24.699379,48.478333333,2.42416667,0.704,,,0.0207977294921875,very_low
41439,smoke,nemours-02,340.0,2026-05-11T14:17:02.681860,48.2604833333,2.7063833333,0.792,,,0.0290374755859375,very_low
40438,unlabeled,moret-sur-loing-01,235.0,2026-05-05T15:32:25.220190,48.37916667,2.820833333,0.52,,,0.0003509525558911264,very_low
40696,unlabeled,moret-sur-loing-01,189.0,2026-05-07T07:59:02.790327,48.37916667,2.820833333,0.477,,,0.236480712890625,very_low
40699,unlabeled,croix-augas-02,100.0,2026-05-07T08:42:17.695206,48.4267461256,2.7108759097,0.438,,,0.072509765625,very_low
40720,unlabeled,videlles-01,157.0,2026-05-07T12:42:37.613855,48.478333333,2.42416667,0.643,,,0.03273773193359375,very_low
40764,unlabeled,croix-augas-01,60.0,2026-05-07T19:41:59.752888,48.4267461256,2.7108759097,0.693,,,0.072509765625,very_low
40850,unlabeled,croix-augas-01,285.0,2026-05-08T14:55:18.797211,48.4267461256,2.7108759097,0.322,,,0.9040374755859375,very_low
40866,unlabeled,croix-augas-01,327.0,2026-05-08T15:53:21.465829,48.4267461256,2.7108759097,0.25,,,0.9040374755859375,very_low
40878,unlabeled,moret-sur-loing-01,189.0,2026-05-08T17:46:09.040577,48.37916667,2.820833333,0.547,,,1.7958145141601562,very_low
40881,unlabeled,nemours-01,194.0,2026-05-08T17:58:48.568159,48.2604833333,2.7063833333,0.508,,,1.028289794921875,very_low
40901,unlabeled,croix-augas-01,15.0,2026-05-08T19:10:56.507630,48.4267461256,2.7108759097,0.319,,,0.9040374755859375,very_low
40953,unlabeled,croix-augas-01,285.0,2026-05-09T11:50:51.809933,48.4267461256,2.7108759097,0.397,,,6.510826110839844,low
40967,unlabeled,croix-augas-01,285.0,2026-05-09T14:02:28.773332,48.4267461256,2.7108759097,0.368,,,6.510826110839844,low
41004,unlabeled,videlles-01,109.0,2026-05-09T18:13:31.380199,48.478333333,2.42416667,0.382,,,6.337318420410156,low
41234,unlabeled,nemours-01,52.0,2026-05-10T17:21:16.403571,48.2604833333,2.7063833333,0.286,,,6.782844543457031,low
41369,unlabeled,nemours-01,147.0,2026-05-10T19:41:10.248827,48.2604833333,2.7063833333,0.426,,,6.782844543457031,low
