sequence_id,label,sublabel,camera_id,camera_name,organization_id,lat,lon,elevation,camera_azimuth,cone_angle,angle_of_view,alert_time,last_seen_at,detections_count,max_conf,is_wildfire,is_validated
40766,fp,antenna,67,moret-sur-loing-02,7,48.37916667,2.820833333,92.0,359.0,2.5,54.2,2026-05-08T04:02:41.910825,2026-05-08T05:08:49.031245,24,0.467,,True
40828,fp,antenna,40,croix-augas-01,7,48.4267461256,2.7108759097,150.0,285.0,0.6,54.2,2026-05-08T13:31:38.562314,2026-05-08T14:21:14.046482,27,0.435,,True
40864,fp,antenna,40,croix-augas-01,7,48.4267461256,2.7108759097,150.0,327.0,0.5,54.2,2026-05-08T15:46:21.344049,2026-05-08T15:47:21.436881,3,0.314,,True
41016,fp,building,65,nemours-02,7,48.2604833333,2.7063833333,106.0,291.0,1.5,54.2,2026-05-09T19:40:29.442974,2026-05-09T19:52:00.165332,29,0.566,,True
41047,fp,building,65,nemours-02,7,48.2604833333,2.7063833333,106.0,291.0,0.5,54.2,2026-05-10T08:09:48.080991,2026-05-10T09:06:55.664288,19,0.34,,True
41404,fp,building,67,moret-sur-loing-02,7,48.37916667,2.820833333,92.0,359.0,1.6,54.2,2026-05-11T06:48:10.081335,2026-05-11T06:49:09.961436,8,0.341,,True
41423,fp,building,65,nemours-02,7,48.2604833333,2.7063833333,106.0,291.0,1.4,54.2,2026-05-11T11:00:25.523756,2026-05-11T11:00:30.893049,6,0.243,,True
40325,fp,high_cloud,67,moret-sur-loing-02,7,48.37916667,2.820833333,92.0,316.0,3.4,54.2,2026-05-05T05:07:20.765318,2026-05-05T05:09:50.907574,11,,other,True
40434,fp,high_cloud,63,nemours-01,7,48.2604833333,2.7063833333,106.0,194.0,1.4,54.2,2026-05-05T15:28:21.739405,2026-05-05T15:31:21.740068,12,0.405,,True
40445,fp,high_cloud,63,nemours-01,7,48.2604833333,2.7063833333,106.0,194.0,1.1,54.2,2026-05-05T15:48:22.093182,2026-05-05T15:51:51.691572,9,0.641,,True
40472,fp,high_cloud,63,nemours-01,7,48.2604833333,2.7063833333,106.0,52.0,0.7,54.2,2026-05-05T17:03:31.380235,2026-05-05T17:09:01.190813,17,0.651,,True
40673,fp,high_cloud,67,moret-sur-loing-02,7,48.37916667,2.820833333,92.0,359.0,3.2,54.2,2026-05-07T05:13:47.728455,2026-05-07T05:14:17.604640,7,0.649,,True
40743,fp,high_cloud,40,croix-augas-01,7,48.4267461256,2.7108759097,150.0,285.0,1.2,54.2,2026-05-07T17:56:13.347352,2026-05-07T17:56:43.344492,7,0.44,,True
40875,fp,high_cloud,63,nemours-01,7,48.2604833333,2.7063833333,106.0,147.0,1.4,54.2,2026-05-08T17:15:18.564114,2026-05-08T17:29:18.531364,26,0.393,,True
40880,fp,high_cloud,41,croix-augas-02,7,48.4267461256,2.7108759097,150.0,190.0,1.5,54.2,2026-05-08T17:25:10.613065,2026-05-08T17:46:09.750260,24,0.498,,True
40917,fp,high_cloud,67,moret-sur-loing-02,7,48.37916667,2.820833333,92.0,316.0,2.5,54.2,2026-05-09T05:47:55.132749,2026-05-09T06:01:55.791414,21,0.372,,True
40970,fp,high_cloud,40,croix-augas-01,7,48.4267461256,2.7108759097,150.0,285.0,1.2,54.2,2026-05-09T14:43:57.989172,2026-05-09T14:44:57.943662,8,0.327,,True
40991,fp,high_cloud,68,videlles-01,7,48.478333333,2.42416667,147.0,157.0,11.6,54.2,2026-05-09T16:58:47.927989,2026-05-09T16:59:17.734410,7,0.407,,True
40992,fp,high_cloud,41,croix-augas-02,7,48.4267461256,2.7108759097,150.0,235.0,2.1,54.2,2026-05-09T17:00:03.237343,2026-05-09T17:01:03.459103,8,0.392,,True
41019,fp,high_cloud,67,moret-sur-loing-02,7,48.37916667,2.820833333,92.0,316.0,0.9,54.2,2026-05-10T04:33:09.419657,2026-05-10T04:35:09.364857,10,0.457,other_smoke,True
41322,fp,high_cloud,41,croix-augas-02,7,48.4267461256,2.7108759097,150.0,100.0,1.0,54.2,2026-05-10T18:47:45.127265,2026-05-10T18:48:45.351514,8,0.391,,True
41335,fp,high_cloud,40,croix-augas-01,7,48.4267461256,2.7108759097,150.0,15.0,3.0,54.2,2026-05-10T19:02:15.175006,2026-05-10T19:02:45.283874,7,0.294,,True
41361,fp,high_cloud,67,moret-sur-loing-02,7,48.37916667,2.820833333,92.0,89.0,5.6,54.2,2026-05-10T19:34:47.693796,2026-05-10T19:38:17.617348,13,0.562,other,True
41362,fp,high_cloud,63,nemours-01,7,48.2604833333,2.7063833333,106.0,52.0,1.3,54.2,2026-05-10T19:34:21.919140,2026-05-10T19:39:40.813516,11,0.77,other,True
41364,fp,high_cloud,65,nemours-02,7,48.2604833333,2.7063833333,106.0,25.0,0.8,54.2,2026-05-10T19:35:40.770040,2026-05-10T19:36:02.556003,6,0.469,,True
41365,fp,high_cloud,65,nemours-02,7,48.2604833333,2.7063833333,106.0,25.0,1.4,54.2,2026-05-10T19:35:42.759002,2026-05-10T19:42:44.568272,20,0.601,other,True
41366,fp,high_cloud,63,nemours-01,7,48.2604833333,2.7063833333,106.0,52.0,1.3,54.2,2026-05-10T19:34:53.072581,2026-05-10T19:39:41.224340,10,0.671,other,True
41374,fp,high_cloud,65,nemours-02,7,48.2604833333,2.7063833333,106.0,25.0,0.9,54.2,2026-05-10T19:42:45.380883,2026-05-10T19:42:50.845363,3,0.66,,True
40577,fp,lens_droplet,67,moret-sur-loing-02,7,48.37916667,2.820833333,92.0,316.0,8.5,54.2,2026-05-06T08:53:12.805893,2026-05-06T09:10:46.275572,40,0.449,,True
40584,fp,lens_droplet,40,croix-augas-01,7,48.4267461256,2.7108759097,150.0,15.0,6.8,54.2,2026-05-06T10:16:43.577031,2026-05-06T10:53:44.092985,60,0.418,,True
40587,fp,lens_droplet,40,croix-augas-01,7,48.4267461256,2.7108759097,150.0,327.0,5.9,54.2,2026-05-06T10:34:43.442137,2026-05-06T11:03:44.583709,64,0.524,,True
41079,fp,lens_droplet,66,moret-sur-loing-01,7,48.37916667,2.820833333,92.0,235.0,6.2,54.2,2026-05-10T10:35:19.957523,2026-05-10T11:04:02.484693,19,0.373,,True
41080,fp,lens_droplet,66,moret-sur-loing-01,7,48.37916667,2.820833333,92.0,280.0,7.6,54.2,2026-05-10T10:39:49.620478,2026-05-10T10:39:54.029254,6,0.4,,True
41106,fp,lens_droplet,66,moret-sur-loing-01,7,48.37916667,2.820833333,92.0,235.0,6.2,54.2,2026-05-10T13:23:58.448764,2026-05-10T13:25:58.281507,10,0.396,,True
41431,fp,lens_droplet,65,nemours-02,7,48.2604833333,2.7063833333,106.0,25.0,5.1,54.2,2026-05-11T12:07:39.832828,2026-05-11T12:07:44.445657,6,0.287,,True
40640,fp,light,66,moret-sur-loing-01,7,48.37916667,2.820833333,92.0,280.0,1.9,54.2,2026-05-06T19:09:00.996754,2026-05-06T19:09:06.779815,6,0.33,,True
40672,fp,light,63,nemours-01,7,48.2604833333,2.7063833333,106.0,52.0,0.9,54.2,2026-05-07T05:07:05.966725,2026-05-07T05:08:36.130315,9,0.568,,True
40737,fp,light,40,croix-augas-01,7,48.4267461256,2.7108759097,150.0,285.0,2.3,54.2,2026-05-07T17:12:43.373401,2026-05-07T17:14:43.223893,10,0.521,,True
40741,fp,light,40,croix-augas-01,7,48.4267461256,2.7108759097,150.0,285.0,1.2,54.2,2026-05-07T17:24:43.202018,2026-05-07T17:32:13.246148,16,0.431,,True
40761,fp,light,66,moret-sur-loing-01,7,48.37916667,2.820833333,92.0,280.0,0.8,54.2,2026-05-07T19:09:38.793462,2026-05-07T19:11:08.762991,9,0.427,,True
40762,fp,light,40,croix-augas-01,7,48.4267461256,2.7108759097,150.0,285.0,1.0,54.2,2026-05-07T19:12:30.178951,2026-05-07T19:15:29.749365,12,0.427,,True
40781,fp,light,69,videlles-02,7,48.478333333,2.42416667,147.0,80.0,1.2,54.2,2026-05-08T05:04:32.614709,2026-05-08T05:06:02.740488,9,0.401,,True
40882,fp,light,40,croix-augas-01,7,48.4267461256,2.7108759097,150.0,285.0,0.9,54.2,2026-05-08T17:32:39.852070,2026-05-08T17:34:39.757812,10,0.498,,True
40889,fp,light,66,moret-sur-loing-01,7,48.37916667,2.820833333,92.0,280.0,2.1,54.2,2026-05-08T18:09:18.762961,2026-05-08T18:18:18.908892,24,0.543,,True
40911,fp,light,69,videlles-02,7,48.478333333,2.42416667,147.0,80.0,1.2,54.2,2026-05-09T05:01:28.023458,2026-05-09T05:14:28.027228,28,0.391,,True
41458,fp,light,65,nemours-02,7,48.2604833333,2.7063833333,106.0,291.0,1.8,54.2,2026-05-11T16:00:16.154895,2026-05-11T16:00:21.297233,6,0.45,,True
40312,fp,low_cloud,40,croix-augas-01,7,48.4267461256,2.7108759097,150.0,327.0,2.0,54.2,2026-05-05T04:00:39.725418,2026-05-05T04:28:39.673744,19,,other,True
40315,fp,low_cloud,41,croix-augas-02,7,48.4267461256,2.7108759097,150.0,190.0,1.1,54.2,2026-05-05T04:09:09.994546,2026-05-05T04:11:09.914737,10,,other,True
40320,fp,low_cloud,40,croix-augas-01,7,48.4267461256,2.7108759097,150.0,60.0,5.5,54.2,2026-05-05T04:37:39.620421,2026-05-05T04:39:39.764190,10,,other,True
40330,fp,low_cloud,66,moret-sur-loing-01,7,48.37916667,2.820833333,92.0,280.0,2.7,54.2,2026-05-05T05:24:20.704221,2026-05-05T05:25:20.712703,8,,other,True
40356,fp,low_cloud,66,moret-sur-loing-01,7,48.37916667,2.820833333,92.0,189.0,1.1,54.2,2026-05-05T10:55:04.708685,2026-05-05T11:05:47.256211,15,,other,True
40359,fp,low_cloud,66,moret-sur-loing-01,7,48.37916667,2.820833333,92.0,235.0,1.1,54.2,2026-05-05T11:16:12.586547,2026-05-05T13:23:06.517497,29,,other,True
40360,fp,low_cloud,67,moret-sur-loing-02,7,48.37916667,2.820833333,92.0,359.0,1.1,54.2,2026-05-05T11:20:12.484677,2026-05-05T11:21:42.567272,9,,other,True
40367,fp,low_cloud,66,moret-sur-loing-01,7,48.37916667,2.820833333,92.0,280.0,2.5,54.2,2026-05-05T12:15:28.909137,2026-05-05T12:16:29.005864,8,,other,True
40370,fp,low_cloud,66,moret-sur-loing-01,7,48.37916667,2.820833333,92.0,235.0,1.7,54.2,2026-05-05T12:42:59.576484,2026-05-05T12:43:28.703443,7,,other,True
40375,fp,low_cloud,66,moret-sur-loing-01,7,48.37916667,2.820833333,92.0,235.0,0.5,54.2,2026-05-05T13:06:06.311855,2026-05-05T13:51:38.236995,24,,,True
40380,fp,low_cloud,65,nemours-02,7,48.2604833333,2.7063833333,106.0,25.0,0.5,54.2,2026-05-05T13:17:20.324005,2026-05-05T13:21:20.318474,14,,,True
40381,fp,low_cloud,63,nemours-01,7,48.2604833333,2.7063833333,106.0,52.0,0.5,54.2,2026-05-05T13:19:20.266293,2026-05-05T13:19:50.352384,7,,other,True
40386,fp,low_cloud,66,moret-sur-loing-01,7,48.37916667,2.820833333,92.0,189.0,1.4,54.2,2026-05-05T13:30:36.299839,2026-05-05T13:31:06.379601,7,,other,True
40391,fp,low_cloud,41,croix-augas-02,7,48.4267461256,2.7108759097,150.0,235.0,0.7,54.2,2026-05-05T13:46:11.667189,2026-05-05T14:49:42.440894,23,0.559,,True
40392,fp,low_cloud,41,croix-augas-02,7,48.4267461256,2.7108759097,150.0,190.0,0.7,54.2,2026-05-05T13:47:41.642721,2026-05-05T13:50:41.484600,12,,other,True
40394,fp,low_cloud,66,moret-sur-loing-01,7,48.37916667,2.820833333,92.0,235.0,0.7,54.2,2026-05-05T13:51:39.109828,2026-05-05T13:53:06.439838,6,,other,True
40403,fp,low_cloud,66,moret-sur-loing-01,7,48.37916667,2.820833333,92.0,235.0,1.2,54.2,2026-05-05T14:05:14.455594,2026-05-05T14:06:14.667177,8,,other,True
40404,fp,low_cloud,41,croix-augas-02,7,48.4267461256,2.7108759097,150.0,100.0,0.7,54.2,2026-05-05T14:09:42.366087,2026-05-05T14:12:12.450723,11,,other,True
40405,fp,low_cloud,41,croix-augas-02,7,48.4267461256,2.7108759097,150.0,190.0,0.5,54.2,2026-05-05T14:09:47.958619,2026-05-05T14:16:12.653014,9,,other,True
40406,fp,low_cloud,41,croix-augas-02,7,48.4267461256,2.7108759097,150.0,190.0,3.4,54.2,2026-05-05T14:15:12.406142,2026-05-05T14:56:42.424990,28,0.522,,True
40412,fp,low_cloud,67,moret-sur-loing-02,7,48.37916667,2.820833333,92.0,316.0,1.0,54.2,2026-05-05T14:28:14.626109,2026-05-05T14:30:15.651596,10,0.427,,True
40413,fp,low_cloud,66,moret-sur-loing-01,7,48.37916667,2.820833333,92.0,189.0,1.5,54.2,2026-05-05T14:29:44.626425,2026-05-05T14:32:44.474301,12,0.483,,True
40416,fp,low_cloud,66,moret-sur-loing-01,7,48.37916667,2.820833333,92.0,144.0,0.7,54.2,2026-05-05T14:34:14.521494,2026-05-05T14:37:44.575897,13,0.447,,True
40420,fp,low_cloud,41,croix-augas-02,7,48.4267461256,2.7108759097,150.0,235.0,2.1,54.2,2026-05-05T14:43:12.574339,2026-05-05T14:49:42.770017,12,0.455,,True
40421,fp,low_cloud,40,croix-augas-01,7,48.4267461256,2.7108759097,150.0,327.0,0.8,54.2,2026-05-05T14:46:13.074794,2026-05-05T14:46:42.462710,7,0.38,,True
40425,fp,low_cloud,67,moret-sur-loing-02,7,48.37916667,2.820833333,92.0,44.0,1.0,54.2,2026-05-05T14:53:44.647696,2026-05-05T14:57:44.577610,14,0.521,,True
40426,fp,low_cloud,67,moret-sur-loing-02,7,48.37916667,2.820833333,92.0,359.0,1.0,54.2,2026-05-05T14:54:44.699342,2026-05-05T17:24:08.752378,44,0.509,,True
40427,fp,low_cloud,40,croix-augas-01,7,48.4267461256,2.7108759097,150.0,327.0,2.3,54.2,2026-05-05T14:57:12.312255,2026-05-05T14:57:42.374298,7,0.47,,True
40430,fp,low_cloud,41,croix-augas-02,7,48.4267461256,2.7108759097,150.0,190.0,3.3,54.2,2026-05-05T15:03:44.463274,2026-05-05T15:29:45.654879,41,0.508,,True
40431,fp,low_cloud,41,croix-augas-02,7,48.4267461256,2.7108759097,150.0,235.0,2.5,54.2,2026-05-05T15:15:15.038303,2026-05-05T15:20:45.572991,17,0.59,,True
40432,fp,low_cloud,41,croix-augas-02,7,48.4267461256,2.7108759097,150.0,100.0,3.6,54.2,2026-05-05T15:19:13.926874,2026-05-05T15:29:14.038127,21,0.516,,True
40436,fp,low_cloud,41,croix-augas-02,7,48.4267461256,2.7108759097,150.0,190.0,2.9,54.2,2026-05-05T15:29:47.486374,2026-05-05T15:34:44.075956,13,0.647,other,True
40442,fp,low_cloud,40,croix-augas-01,7,48.4267461256,2.7108759097,150.0,285.0,1.8,54.2,2026-05-05T15:39:43.957905,2026-05-05T15:41:13.931765,9,0.436,,True
40443,fp,low_cloud,63,nemours-01,7,48.2604833333,2.7063833333,106.0,194.0,1.0,54.2,2026-05-05T15:43:51.600242,2026-05-05T15:47:21.518347,12,0.361,,True
40446,fp,low_cloud,66,moret-sur-loing-01,7,48.37916667,2.820833333,92.0,235.0,0.4,54.2,2026-05-05T15:51:24.996140,2026-05-05T15:53:57.867098,11,0.285,,True
40447,fp,low_cloud,41,croix-augas-02,7,48.4267461256,2.7108759097,150.0,190.0,2.1,54.2,2026-05-05T15:53:44.058942,2026-05-05T15:53:51.214052,6,0.278,,True
40448,fp,low_cloud,67,moret-sur-loing-02,7,48.37916667,2.820833333,92.0,359.0,2.7,54.2,2026-05-05T15:55:25.268855,2026-05-05T16:00:54.990981,17,0.544,,True
40449,fp,low_cloud,41,croix-augas-02,7,48.4267461256,2.7108759097,150.0,190.0,5.7,54.2,2026-05-05T16:00:14.564730,2026-05-05T16:00:45.133584,7,0.286,,True
40451,fp,low_cloud,63,nemours-01,7,48.2604833333,2.7063833333,106.0,147.0,3.6,54.2,2026-05-05T16:06:53.007877,2026-05-05T16:08:52.670194,10,0.679,,True
40454,fp,low_cloud,65,nemours-02,7,48.2604833333,2.7063833333,106.0,291.0,0.7,54.2,2026-05-05T16:22:52.775026,2026-05-05T16:24:22.757054,7,0.524,,True
40458,fp,low_cloud,63,nemours-01,7,48.2604833333,2.7063833333,106.0,147.0,1.8,54.2,2026-05-05T16:39:52.811264,2026-05-05T16:41:23.457896,9,0.459,,True
40464,fp,low_cloud,63,nemours-01,7,48.2604833333,2.7063833333,106.0,147.0,1.4,54.2,2026-05-05T16:50:53.533904,2026-05-05T17:38:31.399229,23,0.627,,True
40467,fp,low_cloud,65,nemours-02,7,48.2604833333,2.7063833333,106.0,340.0,0.4,54.2,2026-05-05T16:54:52.709242,2026-05-05T16:55:52.629776,8,0.391,,True
40471,fp,low_cloud,67,moret-sur-loing-02,7,48.37916667,2.820833333,92.0,316.0,1.4,54.2,2026-05-05T17:01:33.478808,2026-05-05T17:06:03.530137,15,0.664,other,True
40473,fp,low_cloud,65,nemours-02,7,48.2604833333,2.7063833333,106.0,25.0,0.4,54.2,2026-05-05T17:04:01.953069,2026-05-05T17:05:32.829834,9,0.318,,True
40474,fp,low_cloud,63,nemours-01,7,48.2604833333,2.7063833333,106.0,194.0,1.2,54.2,2026-05-05T17:04:32.022595,2026-05-05T17:08:02.195217,13,0.545,,True
40475,fp,low_cloud,63,nemours-01,7,48.2604833333,2.7063833333,106.0,100.0,2.7,54.2,2026-05-05T17:12:31.064255,2026-05-05T17:15:31.236361,12,0.544,,True
40476,fp,low_cloud,63,nemours-01,7,48.2604833333,2.7063833333,106.0,194.0,1.0,54.2,2026-05-05T17:13:32.628072,2026-05-05T17:13:39.888333,6,0.409,,True
40477,fp,low_cloud,65,nemours-02,7,48.2604833333,2.7063833333,106.0,340.0,1.0,54.2,2026-05-05T17:13:40.751914,2026-05-05T17:16:01.399960,9,0.425,,True
40478,fp,low_cloud,65,nemours-02,7,48.2604833333,2.7063833333,106.0,340.0,0.9,54.2,2026-05-05T17:13:46.323946,2026-05-05T17:19:02.240222,12,0.659,other,True
40479,fp,low_cloud,65,nemours-02,7,48.2604833333,2.7063833333,106.0,340.0,0.7,54.2,2026-05-05T17:18:01.162826,2026-05-05T17:19:01.029298,3,0.439,,True
40481,fp,low_cloud,66,moret-sur-loing-01,7,48.37916667,2.820833333,92.0,235.0,1.4,54.2,2026-05-05T17:29:04.495049,2026-05-05T17:29:10.451386,6,0.602,,True
40483,fp,low_cloud,66,moret-sur-loing-01,7,48.37916667,2.820833333,92.0,189.0,0.7,54.2,2026-05-05T17:30:34.798301,2026-05-05T17:31:34.767300,8,0.378,,True
40488,fp,low_cloud,63,nemours-01,7,48.2604833333,2.7063833333,106.0,194.0,1.3,54.2,2026-05-05T17:36:02.776726,2026-05-05T17:37:02.306441,8,0.435,,True
40493,fp,low_cloud,66,moret-sur-loing-01,7,48.37916667,2.820833333,92.0,189.0,1.8,54.2,2026-05-05T17:43:34.522527,2026-05-05T17:49:05.218639,11,0.416,,True
40494,fp,low_cloud,66,moret-sur-loing-01,7,48.37916667,2.820833333,92.0,189.0,2.9,54.2,2026-05-05T17:43:39.849191,2026-05-05T17:49:04.870789,11,0.66,,True
40497,fp,low_cloud,65,nemours-02,7,48.2604833333,2.7063833333,106.0,25.0,0.9,54.2,2026-05-05T17:46:31.330809,2026-05-05T17:51:02.670660,15,0.651,,True
40498,fp,low_cloud,65,nemours-02,7,48.2604833333,2.7063833333,106.0,25.0,0.7,54.2,2026-05-05T17:53:31.130131,2026-05-05T17:55:01.315654,7,0.39,,True
40501,fp,low_cloud,66,moret-sur-loing-01,7,48.37916667,2.820833333,92.0,280.0,9.3,54.2,2026-05-05T17:57:04.663620,2026-05-05T18:24:35.792517,15,0.364,,True
40503,fp,low_cloud,66,moret-sur-loing-01,7,48.37916667,2.820833333,92.0,235.0,1.4,54.2,2026-05-05T18:10:05.921327,2026-05-05T18:12:05.911634,10,0.326,,True
40505,fp,low_cloud,66,moret-sur-loing-01,7,48.37916667,2.820833333,92.0,189.0,1.2,54.2,2026-05-05T18:15:05.753742,2026-05-05T18:15:35.671743,7,0.395,,True
40506,fp,low_cloud,66,moret-sur-loing-01,7,48.37916667,2.820833333,92.0,189.0,1.6,54.2,2026-05-05T18:15:06.418944,2026-05-05T18:15:36.049547,7,0.182,,True
40655,fp,low_cloud,66,moret-sur-loing-01,7,48.37916667,2.820833333,92.0,189.0,1.7,54.2,2026-05-07T04:24:38.500129,2026-05-07T04:32:38.469230,18,0.302,,True
40659,fp,low_cloud,67,moret-sur-loing-02,7,48.37916667,2.820833333,92.0,359.0,1.8,54.2,2026-05-07T04:40:38.463403,2026-05-07T04:42:38.527555,10,0.454,,True
40662,fp,low_cloud,67,moret-sur-loing-02,7,48.37916667,2.820833333,92.0,359.0,1.2,54.2,2026-05-07T04:48:08.643236,2026-05-07T04:49:09.485522,8,0.432,,True
40679,fp,low_cloud,66,moret-sur-loing-01,7,48.37916667,2.820833333,92.0,235.0,1.5,54.2,2026-05-07T05:52:47.858993,2026-05-07T05:54:48.705265,10,0.392,,True
40791,fp,low_cloud,69,videlles-02,7,48.478333333,2.42416667,147.0,80.0,1.1,54.2,2026-05-08T06:08:00.204474,2026-05-08T06:08:07.476161,6,0.317,,True
40902,fp,low_cloud,40,croix-augas-01,7,48.4267461256,2.7108759097,150.0,60.0,0.8,54.2,2026-05-08T19:09:32.781752,2026-05-08T19:12:26.563559,12,0.391,,True
40906,fp,low_cloud,66,moret-sur-loing-01,7,48.37916667,2.820833333,92.0,189.0,3.6,54.2,2026-05-09T04:05:24.438644,2026-05-09T05:01:54.244540,60,0.612,,True
40908,fp,low_cloud,63,nemours-01,7,48.2604833333,2.7063833333,106.0,194.0,0.9,54.2,2026-05-09T04:16:23.146885,2026-05-09T04:47:53.332349,36,0.411,,True
40909,fp,low_cloud,40,croix-augas-01,7,48.4267461256,2.7108759097,150.0,60.0,0.5,54.2,2026-05-09T04:37:53.265726,2026-05-09T04:40:23.215989,11,0.393,,True
41040,fp,low_cloud,63,nemours-01,7,48.2604833333,2.7063833333,106.0,52.0,0.4,54.2,2026-05-10T07:21:32.147649,2026-05-10T07:39:32.167564,14,0.293,,True
41042,fp,low_cloud,65,nemours-02,7,48.2604833333,2.7063833333,106.0,25.0,0.7,54.2,2026-05-10T07:25:02.192174,2026-05-10T07:42:02.227928,28,0.379,,True
41075,fp,low_cloud,65,nemours-02,7,48.2604833333,2.7063833333,106.0,25.0,0.8,54.2,2026-05-10T10:02:34.917912,2026-05-10T10:15:35.046375,30,0.397,,True
41105,fp,low_cloud,40,croix-augas-01,7,48.4267461256,2.7108759097,150.0,285.0,1.4,54.2,2026-05-10T13:04:47.094585,2026-05-10T13:06:17.148761,9,0.32,,True
41116,fp,low_cloud,40,croix-augas-01,7,48.4267461256,2.7108759097,150.0,60.0,1.7,54.2,2026-05-10T14:10:56.366608,2026-05-10T14:12:26.541510,9,0.595,other_smoke,True
41117,fp,low_cloud,63,nemours-01,7,48.2604833333,2.7063833333,106.0,100.0,5.6,54.2,2026-05-10T14:13:35.641718,2026-05-10T14:15:05.650071,9,0.265,,True
41118,fp,low_cloud,40,croix-augas-01,7,48.4267461256,2.7108759097,150.0,60.0,1.2,54.2,2026-05-10T14:17:26.300518,2026-05-10T14:18:56.395541,9,0.406,,True
41123,fp,low_cloud,40,croix-augas-01,7,48.4267461256,2.7108759097,150.0,60.0,1.0,54.2,2026-05-10T14:40:56.329188,2026-05-10T15:57:04.811608,17,0.36,,True
41124,fp,low_cloud,66,moret-sur-loing-01,7,48.37916667,2.820833333,92.0,235.0,0.7,54.2,2026-05-10T14:42:07.858974,2026-05-10T14:42:38.121177,7,0.382,,True
41133,fp,low_cloud,63,nemours-01,7,48.2604833333,2.7063833333,106.0,147.0,2.0,54.2,2026-05-10T15:07:14.469880,2026-05-10T15:10:43.947865,13,0.624,,True
41136,fp,low_cloud,40,croix-augas-01,7,48.4267461256,2.7108759097,150.0,285.0,0.6,54.2,2026-05-10T15:14:04.760354,2026-05-10T15:15:05.587442,8,0.356,,True
41137,fp,low_cloud,41,croix-augas-02,7,48.4267461256,2.7108759097,150.0,100.0,1.3,54.2,2026-05-10T15:15:06.273611,2026-05-10T16:14:20.425831,24,0.603,,True
41138,fp,low_cloud,40,croix-augas-01,7,48.4267461256,2.7108759097,150.0,285.0,0.5,54.2,2026-05-10T15:18:34.843148,2026-05-10T15:20:05.389617,9,0.449,,True
41139,fp,low_cloud,41,croix-augas-02,7,48.4267461256,2.7108759097,150.0,100.0,0.5,54.2,2026-05-10T15:18:40.513308,2026-05-10T16:56:43.640241,20,0.662,,True
41141,fp,low_cloud,40,croix-augas-01,7,48.4267461256,2.7108759097,150.0,327.0,0.7,54.2,2026-05-10T15:28:34.758451,2026-05-10T15:30:35.334814,10,0.495,,True
41142,fp,low_cloud,66,moret-sur-loing-01,7,48.37916667,2.820833333,92.0,235.0,0.5,54.2,2026-05-10T15:42:08.697176,2026-05-10T18:03:15.159790,47,0.578,,True
41143,fp,low_cloud,40,croix-augas-01,7,48.4267461256,2.7108759097,150.0,15.0,0.5,54.2,2026-05-10T15:42:34.775642,2026-05-10T17:43:14.043481,31,0.683,,True
41145,fp,low_cloud,65,nemours-02,7,48.2604833333,2.7063833333,106.0,25.0,0.8,54.2,2026-05-10T15:45:44.205749,2026-05-10T18:23:53.256147,34,0.521,,True
41146,fp,low_cloud,40,croix-augas-01,7,48.4267461256,2.7108759097,150.0,327.0,0.5,54.2,2026-05-10T15:54:35.030002,2026-05-10T15:55:04.762376,7,0.28,,True
41148,fp,low_cloud,68,videlles-01,7,48.478333333,2.42416667,147.0,157.0,0.3,54.2,2026-05-10T15:55:43.773826,2026-05-10T17:37:32.726861,22,0.542,,True
41149,fp,low_cloud,65,nemours-02,7,48.2604833333,2.7063833333,106.0,340.0,0.9,54.2,2026-05-10T15:56:14.066873,2026-05-10T18:24:50.493324,32,0.617,,True
41150,fp,low_cloud,65,nemours-02,7,48.2604833333,2.7063833333,106.0,25.0,0.6,54.2,2026-05-10T15:56:45.584692,2026-05-10T17:06:45.399291,25,0.657,,True
41151,fp,low_cloud,65,nemours-02,7,48.2604833333,2.7063833333,106.0,25.0,1.8,54.2,2026-05-10T15:56:49.314748,2026-05-10T16:44:21.193126,10,0.555,,True
41152,fp,low_cloud,41,croix-augas-02,7,48.4267461256,2.7108759097,150.0,100.0,1.7,54.2,2026-05-10T15:57:34.775701,2026-05-10T17:18:45.812827,22,0.598,,True
41153,fp,low_cloud,65,nemours-02,7,48.2604833333,2.7063833333,106.0,340.0,0.6,54.2,2026-05-10T15:56:44.363604,2026-05-10T15:57:44.432795,3,0.481,,True
41154,fp,low_cloud,40,croix-augas-01,7,48.4267461256,2.7108759097,150.0,327.0,0.8,54.2,2026-05-10T15:59:04.911123,2026-05-10T15:59:34.736295,7,0.422,,True
41156,fp,low_cloud,68,videlles-01,7,48.478333333,2.42416667,147.0,157.0,0.3,54.2,2026-05-10T15:59:45.196738,2026-05-10T16:03:43.589224,10,0.483,,True
41159,fp,low_cloud,40,croix-augas-01,7,48.4267461256,2.7108759097,150.0,60.0,0.8,54.2,2026-05-10T16:07:12.744686,2026-05-10T16:08:13.607839,8,0.455,,True
41161,fp,low_cloud,40,croix-augas-01,7,48.4267461256,2.7108759097,150.0,327.0,1.2,54.2,2026-05-10T16:10:42.660515,2026-05-10T16:12:12.611792,9,0.672,,True
41163,fp,low_cloud,40,croix-augas-01,7,48.4267461256,2.7108759097,150.0,327.0,1.1,54.2,2026-05-10T16:12:42.836207,2026-05-10T16:14:42.906241,5,0.357,,True
41164,fp,low_cloud,40,croix-augas-01,7,48.4267461256,2.7108759097,150.0,60.0,0.7,54.2,2026-05-10T16:14:13.448198,2026-05-10T16:54:12.745145,18,0.618,,True
41166,fp,low_cloud,41,croix-augas-02,7,48.4267461256,2.7108759097,150.0,146.0,0.6,54.2,2026-05-10T16:14:46.461958,2026-05-10T16:16:13.651805,9,0.418,,True
41168,fp,low_cloud,63,nemours-01,7,48.2604833333,2.7063833333,106.0,194.0,1.9,54.2,2026-05-10T16:16:45.421778,2026-05-10T18:30:50.674935,24,0.628,,True
41170,fp,low_cloud,40,croix-augas-01,7,48.4267461256,2.7108759097,150.0,60.0,0.8,54.2,2026-05-10T16:14:44.362267,2026-05-10T16:17:46.804634,4,0.458,,True
41171,fp,low_cloud,41,croix-augas-02,7,48.4267461256,2.7108759097,150.0,235.0,0.6,54.2,2026-05-10T16:19:12.800109,2026-05-10T16:21:12.931633,10,0.429,,True
41174,fp,low_cloud,67,moret-sur-loing-02,7,48.37916667,2.820833333,92.0,316.0,0.6,54.2,2026-05-10T16:30:10.520993,2026-05-10T17:28:13.296564,14,0.456,,True
41177,fp,low_cloud,40,croix-augas-01,7,48.4267461256,2.7108759097,150.0,60.0,0.9,54.2,2026-05-10T16:32:12.624854,2026-05-10T16:50:44.225342,30,0.517,,True
41178,fp,low_cloud,66,moret-sur-loing-01,7,48.37916667,2.820833333,92.0,189.0,0.5,54.2,2026-05-10T16:33:10.519959,2026-05-10T19:36:50.051319,82,0.678,,True
41179,fp,low_cloud,40,croix-augas-01,7,48.4267461256,2.7108759097,150.0,327.0,0.8,54.2,2026-05-10T16:34:42.689620,2026-05-10T16:37:12.832432,11,0.511,,True
41180,fp,low_cloud,63,nemours-01,7,48.2604833333,2.7063833333,106.0,100.0,2.3,54.2,2026-05-10T16:37:45.476063,2026-05-10T16:39:45.375022,10,0.638,,True
41181,fp,low_cloud,65,nemours-02,7,48.2604833333,2.7063833333,106.0,25.0,0.6,54.2,2026-05-10T16:37:51.213114,2026-05-10T18:30:51.473192,15,0.55,,True
41182,fp,low_cloud,68,videlles-01,7,48.478333333,2.42416667,147.0,157.0,1.1,54.2,2026-05-10T16:38:07.853059,2026-05-10T16:38:37.752878,7,0.378,,True
41183,fp,low_cloud,41,croix-augas-02,7,48.4267461256,2.7108759097,150.0,235.0,0.6,54.2,2026-05-10T16:38:42.700503,2026-05-10T16:40:43.479250,10,0.468,,True
41184,fp,low_cloud,41,croix-augas-02,7,48.4267461256,2.7108759097,150.0,146.0,1.2,54.2,2026-05-10T16:39:42.812049,2026-05-10T16:42:42.996395,12,0.591,,True
41185,fp,low_cloud,65,nemours-02,7,48.2604833333,2.7063833333,106.0,340.0,0.6,54.2,2026-05-10T16:41:15.557196,2026-05-10T16:41:45.422432,7,0.408,,True
41187,fp,low_cloud,66,moret-sur-loing-01,7,48.37916667,2.820833333,92.0,235.0,0.5,54.2,2026-05-10T16:44:10.392354,2026-05-10T17:52:14.067658,15,0.663,,True
41188,fp,low_cloud,63,nemours-01,7,48.2604833333,2.7063833333,106.0,147.0,0.7,54.2,2026-05-10T16:45:45.385232,2026-05-10T16:45:51.421893,6,0.553,,True
41189,fp,low_cloud,66,moret-sur-loing-01,7,48.37916667,2.820833333,92.0,235.0,0.7,54.2,2026-05-10T16:47:43.811606,2026-05-10T18:48:46.206748,58,0.551,,True
41190,fp,low_cloud,41,croix-augas-02,7,48.4267461256,2.7108759097,150.0,146.0,0.8,54.2,2026-05-10T16:48:13.417225,2026-05-10T16:52:52.127942,12,0.383,,True
41192,fp,low_cloud,40,croix-augas-01,7,48.4267461256,2.7108759097,150.0,285.0,1.7,54.2,2026-05-10T16:49:42.622820,2026-05-10T17:39:14.503563,50,0.587,,True
41193,fp,low_cloud,40,croix-augas-01,7,48.4267461256,2.7108759097,150.0,285.0,0.5,54.2,2026-05-10T16:49:47.037612,2026-05-10T16:49:50.098765,3,0.156,,True
41194,fp,low_cloud,65,nemours-02,7,48.2604833333,2.7063833333,106.0,25.0,1.1,54.2,2026-05-10T16:51:21.554953,2026-05-10T18:24:51.599901,11,0.617,,True
41195,fp,low_cloud,41,croix-augas-02,7,48.4267461256,2.7108759097,150.0,235.0,0.7,54.2,2026-05-10T16:51:44.565325,2026-05-10T17:25:15.143820,16,0.416,,True
41196,fp,low_cloud,41,croix-augas-02,7,48.4267461256,2.7108759097,150.0,146.0,1.0,54.2,2026-05-10T16:52:52.930868,2026-05-10T16:55:22.711372,8,0.411,,True
41199,fp,low_cloud,65,nemours-02,7,48.2604833333,2.7063833333,106.0,25.0,0.4,54.2,2026-05-10T16:53:16.596118,2026-05-10T16:54:15.673614,3,0.391,,True
41200,fp,low_cloud,40,croix-augas-01,7,48.4267461256,2.7108759097,150.0,327.0,0.8,54.2,2026-05-10T16:55:12.602953,2026-05-10T16:55:50.041025,7,0.42,,True
41201,fp,low_cloud,40,croix-augas-01,7,48.4267461256,2.7108759097,150.0,285.0,0.9,54.2,2026-05-10T16:53:12.837794,2026-05-10T17:03:43.117860,10,0.471,,True
41202,fp,low_cloud,40,croix-augas-01,7,48.4267461256,2.7108759097,150.0,285.0,1.5,54.2,2026-05-10T16:55:46.785329,2026-05-10T17:19:14.553390,8,0.523,,True
41204,fp,low_cloud,40,croix-augas-01,7,48.4267461256,2.7108759097,150.0,60.0,0.7,54.2,2026-05-10T16:54:42.635886,2026-05-10T17:02:43.864850,17,0.7,,True
41206,fp,low_cloud,66,moret-sur-loing-01,7,48.37916667,2.820833333,92.0,189.0,1.9,54.2,2026-05-10T16:59:40.431283,2026-05-10T17:42:43.221245,8,0.395,,True
41207,fp,low_cloud,40,croix-augas-01,7,48.4267461256,2.7108759097,150.0,285.0,0.5,54.2,2026-05-10T16:59:12.714822,2026-05-10T17:01:12.631981,4,0.335,,True
41208,fp,low_cloud,66,moret-sur-loing-01,7,48.37916667,2.820833333,92.0,189.0,0.8,54.2,2026-05-10T16:59:47.084521,2026-05-10T17:41:44.165372,16,0.515,,True
41209,fp,low_cloud,63,nemours-01,7,48.2604833333,2.7063833333,106.0,52.0,0.7,54.2,2026-05-10T17:00:45.369175,2026-05-10T18:57:20.266612,19,0.522,,True
41210,fp,low_cloud,65,nemours-02,7,48.2604833333,2.7063833333,106.0,25.0,0.5,54.2,2026-05-10T16:59:46.228795,2026-05-10T18:56:51.297151,11,0.443,,True
41211,fp,low_cloud,66,moret-sur-loing-01,7,48.37916667,2.820833333,92.0,235.0,0.6,54.2,2026-05-10T17:01:11.304883,2026-05-10T17:38:18.039486,12,0.474,,True
41212,fp,low_cloud,41,croix-augas-02,7,48.4267461256,2.7108759097,150.0,235.0,0.9,54.2,2026-05-10T17:01:20.797416,2026-05-10T17:02:14.575880,8,0.301,,True
41213,fp,low_cloud,65,nemours-02,7,48.2604833333,2.7063833333,106.0,340.0,0.6,54.2,2026-05-10T17:01:46.208776,2026-05-10T17:01:53.890067,6,0.353,,True
41215,fp,low_cloud,66,moret-sur-loing-01,7,48.37916667,2.820833333,92.0,235.0,0.7,54.2,2026-05-10T17:02:41.126382,2026-05-10T17:08:42.020159,10,0.511,,True
41216,fp,low_cloud,40,croix-augas-01,7,48.4267461256,2.7108759097,150.0,327.0,1.6,54.2,2026-05-10T17:03:44.008324,2026-05-10T17:05:42.979595,10,0.58,,True
41218,fp,low_cloud,40,croix-augas-01,7,48.4267461256,2.7108759097,150.0,327.0,1.2,54.2,2026-05-10T17:06:13.105080,2026-05-10T17:08:44.143110,3,0.0,,True
41219,fp,low_cloud,40,croix-augas-01,7,48.4267461256,2.7108759097,150.0,327.0,0.9,54.2,2026-05-10T17:08:49.002079,2026-05-10T17:42:14.265597,28,0.644,,True
41220,fp,low_cloud,63,nemours-01,7,48.2604833333,2.7063833333,106.0,147.0,0.6,54.2,2026-05-10T17:09:46.561520,2026-05-10T17:10:46.281760,8,0.452,,True
41221,fp,low_cloud,40,croix-augas-01,7,48.4267461256,2.7108759097,150.0,60.0,2.0,54.2,2026-05-10T17:10:15.531031,2026-05-10T17:11:14.156580,8,0.323,,True
41222,fp,low_cloud,66,moret-sur-loing-01,7,48.37916667,2.820833333,92.0,235.0,1.7,54.2,2026-05-10T17:10:10.439640,2026-05-10T17:12:40.956893,6,0.48,,True
41223,fp,low_cloud,40,croix-augas-01,7,48.4267461256,2.7108759097,150.0,60.0,3.3,54.2,2026-05-10T17:12:14.103734,2026-05-10T17:22:44.211427,23,0.515,,True
41225,fp,low_cloud,41,croix-augas-02,7,48.4267461256,2.7108759097,150.0,190.0,0.5,54.2,2026-05-10T17:13:15.356242,2026-05-10T17:19:45.160818,16,0.42,,True
41227,fp,low_cloud,65,nemours-02,7,48.2604833333,2.7063833333,106.0,25.0,0.6,54.2,2026-05-10T17:13:46.246043,2026-05-10T17:49:46.291228,21,0.405,,True
41228,fp,low_cloud,63,nemours-01,7,48.2604833333,2.7063833333,106.0,52.0,0.7,54.2,2026-05-10T17:14:16.249641,2026-05-10T17:19:17.933891,14,0.418,,True
41229,fp,low_cloud,68,videlles-01,7,48.478333333,2.42416667,147.0,157.0,0.7,54.2,2026-05-10T17:14:32.813241,2026-05-10T19:43:26.823785,41,0.43,,True
41233,fp,low_cloud,65,nemours-02,7,48.2604833333,2.7063833333,106.0,291.0,2.3,54.2,2026-05-10T17:16:47.514267,2026-05-10T17:18:46.297393,10,0.409,,True
41235,fp,low_cloud,41,croix-augas-02,7,48.4267461256,2.7108759097,150.0,235.0,0.9,54.2,2026-05-10T17:20:15.092114,2026-05-10T17:20:44.824806,5,0.286,,True
41236,fp,low_cloud,63,nemours-01,7,48.2604833333,2.7063833333,106.0,147.0,1.1,54.2,2026-05-10T17:20:17.122886,2026-05-10T17:20:47.472761,7,0.581,,True
41237,fp,low_cloud,40,croix-augas-01,7,48.4267461256,2.7108759097,150.0,15.0,0.8,54.2,2026-05-10T17:21:44.200431,2026-05-10T17:21:50.920430,6,0.33,,True
41241,fp,low_cloud,41,croix-augas-02,7,48.4267461256,2.7108759097,150.0,235.0,1.0,54.2,2026-05-10T17:24:20.047617,2026-05-10T17:26:45.267565,11,0.466,,True
41242,fp,low_cloud,65,nemours-02,7,48.2604833333,2.7063833333,106.0,340.0,1.1,54.2,2026-05-10T17:25:16.439277,2026-05-10T19:11:51.576483,30,0.485,,True
41243,fp,low_cloud,65,nemours-02,7,48.2604833333,2.7063833333,106.0,25.0,0.6,54.2,2026-05-10T17:26:18.295968,2026-05-10T17:29:46.364858,13,0.506,,True
41247,fp,low_cloud,66,moret-sur-loing-01,7,48.37916667,2.820833333,92.0,235.0,1.4,54.2,2026-05-10T17:28:43.327928,2026-05-10T17:58:15.108723,17,0.618,,True
41248,fp,low_cloud,41,croix-augas-02,7,48.4267461256,2.7108759097,150.0,190.0,0.6,54.2,2026-05-10T17:29:44.915458,2026-05-10T17:31:44.114466,10,0.508,,True
41251,fp,low_cloud,65,nemours-02,7,48.2604833333,2.7063833333,106.0,340.0,0.7,54.2,2026-05-10T17:31:46.820396,2026-05-10T17:32:46.440021,3,0.401,,True
41252,fp,low_cloud,40,croix-augas-01,7,48.4267461256,2.7108759097,150.0,327.0,1.1,54.2,2026-05-10T17:33:44.435926,2026-05-10T17:37:50.674708,13,0.561,,True
41253,fp,low_cloud,66,moret-sur-loing-01,7,48.37916667,2.820833333,92.0,189.0,1.1,54.2,2026-05-10T17:34:43.383782,2026-05-10T18:03:48.992268,17,0.358,,True
41255,fp,low_cloud,65,nemours-02,7,48.2604833333,2.7063833333,106.0,25.0,0.8,54.2,2026-05-10T17:35:17.104161,2026-05-10T17:38:16.748513,12,0.625,,True
41256,fp,low_cloud,68,videlles-01,7,48.478333333,2.42416667,147.0,109.0,0.7,54.2,2026-05-10T17:35:32.756100,2026-05-10T17:35:39.672925,6,0.267,,True
41258,fp,low_cloud,40,croix-augas-01,7,48.4267461256,2.7108759097,150.0,15.0,1.0,54.2,2026-05-10T17:37:52.727586,2026-05-10T17:37:59.090509,4,0.24,,True
41262,fp,low_cloud,67,moret-sur-loing-02,7,48.37916667,2.820833333,92.0,359.0,1.9,54.2,2026-05-10T17:41:14.529343,2026-05-10T18:12:13.212286,21,0.52,,True
41264,fp,low_cloud,41,croix-augas-02,7,48.4267461256,2.7108759097,150.0,190.0,4.2,54.2,2026-05-10T17:42:45.253503,2026-05-10T17:45:14.159485,11,0.447,,True
41265,fp,low_cloud,65,nemours-02,7,48.2604833333,2.7063833333,106.0,25.0,0.7,54.2,2026-05-10T17:42:46.252895,2026-05-10T17:43:46.343509,8,0.386,,True
41267,fp,low_cloud,41,croix-augas-02,7,48.4267461256,2.7108759097,150.0,100.0,1.3,54.2,2026-05-10T17:48:14.321892,2026-05-10T17:49:14.055049,8,0.327,,True
41268,fp,low_cloud,66,moret-sur-loing-01,7,48.37916667,2.820833333,92.0,189.0,1.9,54.2,2026-05-10T17:50:13.236421,2026-05-10T17:53:43.237105,13,0.68,,True
41269,fp,low_cloud,67,moret-sur-loing-02,7,48.37916667,2.820833333,92.0,359.0,1.4,54.2,2026-05-10T17:51:45.899896,2026-05-10T17:53:14.940022,9,0.37,,True
41271,fp,low_cloud,66,moret-sur-loing-01,7,48.37916667,2.820833333,92.0,280.0,0.7,54.2,2026-05-10T17:55:45.372215,2026-05-10T17:56:44.221787,8,0.273,,True
41272,fp,low_cloud,66,moret-sur-loing-01,7,48.37916667,2.820833333,92.0,235.0,0.7,54.2,2026-05-10T17:55:13.278031,2026-05-10T17:56:14.138190,3,0.281,,True
41273,fp,low_cloud,66,moret-sur-loing-01,7,48.37916667,2.820833333,92.0,235.0,0.8,54.2,2026-05-10T17:57:43.332376,2026-05-10T17:59:43.248332,5,0.373,,True
41275,fp,low_cloud,65,nemours-02,7,48.2604833333,2.7063833333,106.0,291.0,0.8,54.2,2026-05-10T18:01:16.767209,2026-05-10T18:05:17.132563,11,0.536,,True
41276,fp,low_cloud,41,croix-augas-02,7,48.4267461256,2.7108759097,150.0,100.0,1.4,54.2,2026-05-10T18:02:14.504133,2026-05-10T18:02:25.392565,6,0.36,,True
41278,fp,low_cloud,40,croix-augas-01,7,48.4267461256,2.7108759097,150.0,285.0,1.5,54.2,2026-05-10T18:02:44.211561,2026-05-10T18:32:15.200635,26,0.673,,True
41279,fp,low_cloud,66,moret-sur-loing-01,7,48.37916667,2.820833333,92.0,235.0,0.9,54.2,2026-05-10T18:03:13.279209,2026-05-10T18:41:16.320242,9,0.499,,True
41281,fp,low_cloud,65,nemours-02,7,48.2604833333,2.7063833333,106.0,291.0,0.7,54.2,2026-05-10T18:05:18.071484,2026-05-10T18:06:18.403283,5,0.281,,True
41282,fp,low_cloud,65,nemours-02,7,48.2604833333,2.7063833333,106.0,25.0,1.4,54.2,2026-05-10T18:05:25.773550,2026-05-10T18:40:27.217742,38,0.477,,True
41286,fp,low_cloud,68,videlles-01,7,48.478333333,2.42416667,147.0,157.0,0.7,54.2,2026-05-10T18:15:27.283070,2026-05-10T18:17:57.605798,11,0.479,,True
41287,fp,low_cloud,41,croix-augas-02,7,48.4267461256,2.7108759097,150.0,100.0,1.5,54.2,2026-05-10T18:17:45.173847,2026-05-10T18:21:15.125611,13,0.372,,True
41295,fp,low_cloud,65,nemours-02,7,48.2604833333,2.7063833333,106.0,340.0,0.9,54.2,2026-05-10T18:23:21.926990,2026-05-10T18:30:21.540818,15,0.628,,True
41296,fp,low_cloud,66,moret-sur-loing-01,7,48.37916667,2.820833333,92.0,280.0,1.1,54.2,2026-05-10T18:25:47.304298,2026-05-10T18:28:16.225037,11,0.479,,True
41298,fp,low_cloud,63,nemours-01,7,48.2604833333,2.7063833333,106.0,194.0,0.8,54.2,2026-05-10T18:26:53.470356,2026-05-10T18:27:50.311508,5,0.44,,True
41300,fp,low_cloud,40,croix-augas-01,7,48.4267461256,2.7108759097,150.0,327.0,1.5,54.2,2026-05-10T18:29:16.102107,2026-05-10T18:35:45.143786,19,0.564,,True
41304,fp,low_cloud,41,croix-augas-02,7,48.4267461256,2.7108759097,150.0,190.0,1.4,54.2,2026-05-10T18:32:16.861872,2026-05-10T18:34:46.229320,11,0.612,,True
41306,fp,low_cloud,68,videlles-01,7,48.478333333,2.42416667,147.0,109.0,0.8,54.2,2026-05-10T18:34:27.235429,2026-05-10T18:58:27.440530,49,0.656,,True
41307,fp,low_cloud,65,nemours-02,7,48.2604833333,2.7063833333,106.0,340.0,1.2,54.2,2026-05-10T18:35:20.231820,2026-05-10T18:36:50.273312,9,0.258,,True
41309,fp,low_cloud,65,nemours-02,7,48.2604833333,2.7063833333,106.0,291.0,1.5,54.2,2026-05-10T18:36:20.379165,2026-05-10T18:36:30.367389,6,0.385,,True
41313,fp,low_cloud,41,croix-augas-02,7,48.4267461256,2.7108759097,150.0,100.0,0.9,54.2,2026-05-10T18:41:45.302703,2026-05-10T18:43:15.943606,9,0.454,,True
41314,fp,low_cloud,40,croix-augas-01,7,48.4267461256,2.7108759097,150.0,327.0,1.7,54.2,2026-05-10T18:42:15.295883,2026-05-10T18:48:19.895989,18,0.466,,True
41319,fp,low_cloud,63,nemours-01,7,48.2604833333,2.7063833333,106.0,100.0,2.1,54.2,2026-05-10T18:42:50.421290,2026-05-10T19:10:50.372281,33,0.671,other,True
41326,fp,low_cloud,41,croix-augas-02,7,48.4267461256,2.7108759097,150.0,146.0,1.8,54.2,2026-05-10T18:51:45.192879,2026-05-10T18:54:15.360737,11,0.47,,True
41329,fp,low_cloud,67,moret-sur-loing-02,7,48.37916667,2.820833333,92.0,359.0,2.3,54.2,2026-05-10T18:53:17.109031,2026-05-10T19:00:47.704400,15,0.288,,True
41333,fp,low_cloud,67,moret-sur-loing-02,7,48.37916667,2.820833333,92.0,44.0,3.0,54.2,2026-05-10T18:57:17.963056,2026-05-10T19:06:54.661750,22,0.347,,True
41338,fp,low_cloud,40,croix-augas-01,7,48.4267461256,2.7108759097,150.0,327.0,2.2,54.2,2026-05-10T19:06:45.246634,2026-05-10T19:09:45.302558,12,0.509,,True
41339,fp,low_cloud,65,nemours-02,7,48.2604833333,2.7063833333,106.0,246.0,3.0,54.2,2026-05-10T19:07:21.533938,2026-05-10T19:12:20.279520,16,0.486,,True
41341,fp,low_cloud,65,nemours-02,7,48.2604833333,2.7063833333,106.0,340.0,0.8,54.2,2026-05-10T19:10:52.331415,2026-05-10T19:29:23.955956,29,0.617,,True
41343,fp,low_cloud,40,croix-augas-01,7,48.4267461256,2.7108759097,150.0,60.0,1.5,54.2,2026-05-10T19:17:15.969446,2026-05-10T19:19:15.930321,10,0.38,,True
41344,fp,low_cloud,67,moret-sur-loing-02,7,48.37916667,2.820833333,92.0,316.0,2.8,54.2,2026-05-10T19:17:47.857390,2026-05-10T19:17:56.275714,6,0.26,,True
41347,fp,low_cloud,66,moret-sur-loing-01,7,48.37916667,2.820833333,92.0,189.0,0.7,54.2,2026-05-10T19:18:46.319682,2026-05-10T19:20:46.749526,5,0.355,,True
41350,fp,low_cloud,66,moret-sur-loing-01,7,48.37916667,2.820833333,92.0,189.0,1.4,54.2,2026-05-10T19:24:19.429599,2026-05-10T19:25:47.889339,6,0.376,,True
41351,fp,low_cloud,40,croix-augas-01,7,48.4267461256,2.7108759097,150.0,60.0,3.1,54.2,2026-05-10T19:24:45.833262,2026-05-10T19:27:16.206129,11,0.452,,True
41352,fp,low_cloud,65,nemours-02,7,48.2604833333,2.7063833333,106.0,25.0,1.7,54.2,2026-05-10T19:25:23.681170,2026-05-10T19:27:55.725033,11,0.425,,True
41353,fp,low_cloud,66,moret-sur-loing-01,7,48.37916667,2.820833333,92.0,280.0,2.0,54.2,2026-05-10T19:26:17.619921,2026-05-10T19:27:47.798615,9,0.271,,True
41355,fp,low_cloud,65,nemours-02,7,48.2604833333,2.7063833333,106.0,25.0,0.9,54.2,2026-05-10T19:25:53.743990,2026-05-10T19:29:24.888225,8,0.428,,True
41358,fp,low_cloud,63,nemours-01,7,48.2604833333,2.7063833333,106.0,194.0,2.3,54.2,2026-05-10T19:29:52.122034,2026-05-10T19:31:22.317005,4,0.362,,True
41360,fp,low_cloud,63,nemours-01,7,48.2604833333,2.7063833333,106.0,52.0,1.8,54.2,2026-05-10T19:33:23.252617,2026-05-10T19:33:51.847710,7,0.37,,True
41367,fp,low_cloud,66,moret-sur-loing-01,7,48.37916667,2.820833333,92.0,189.0,0.6,54.2,2026-05-10T19:36:51.152151,2026-05-10T19:37:47.945878,4,0.312,,True
41368,fp,low_cloud,65,nemours-02,7,48.2604833333,2.7063833333,106.0,291.0,1.2,54.2,2026-05-10T19:36:44.465456,2026-05-10T19:40:43.391282,9,0.521,,True
41371,fp,low_cloud,67,moret-sur-loing-02,7,48.37916667,2.820833333,92.0,359.0,1.1,54.2,2026-05-10T19:39:47.706714,2026-05-10T19:43:17.606859,13,0.582,,True
41372,fp,low_cloud,66,moret-sur-loing-01,7,48.37916667,2.820833333,92.0,144.0,1.3,54.2,2026-05-10T19:40:18.208687,2026-05-10T19:41:17.726901,8,0.394,,True
40574,fp,other,63,nemours-01,7,48.2604833333,2.7063833333,106.0,194.0,0.9,54.2,2026-05-06T08:20:54.710753,2026-05-06T08:20:58.608079,6,0.325,,True
40597,fp,tree,65,nemours-02,7,48.2604833333,2.7063833333,106.0,25.0,0.7,54.2,2026-05-06T13:03:21.850016,2026-05-06T19:00:06.841759,125,0.441,,True
40634,fp,tree,65,nemours-02,7,48.2604833333,2.7063833333,106.0,246.0,3.7,54.2,2026-05-06T18:16:06.810388,2026-05-06T18:16:11.416313,6,0.453,,True
40710,fp,tree,65,nemours-02,7,48.2604833333,2.7063833333,106.0,25.0,1.0,54.2,2026-05-07T11:01:56.202135,2026-05-07T11:02:56.313767,8,0.33,,True
40733,fp,tree,40,croix-augas-01,7,48.4267461256,2.7108759097,150.0,285.0,1.2,54.2,2026-05-07T16:29:34.162988,2026-05-07T16:36:34.710560,20,0.556,,True
40749,fp,tree,65,nemours-02,7,48.2604833333,2.7063833333,106.0,246.0,3.7,54.2,2026-05-07T18:22:34.402001,2026-05-07T18:52:04.071431,38,0.514,,True
40750,fp,tree,66,moret-sur-loing-01,7,48.37916667,2.820833333,92.0,189.0,1.6,54.2,2026-05-07T18:22:59.924415,2026-05-07T18:46:31.837685,29,0.427,,True
40787,fp,tree,69,videlles-02,7,48.478333333,2.42416667,147.0,80.0,0.8,54.2,2026-05-08T05:38:32.843278,2026-05-08T05:38:38.740610,6,0.245,,True
40891,fp,tree,65,nemours-02,7,48.2604833333,2.7063833333,106.0,246.0,1.8,54.2,2026-05-08T18:10:50.505066,2026-05-08T19:02:22.960388,61,0.568,,True
40949,fp,tree,65,nemours-02,7,48.2604833333,2.7063833333,106.0,25.0,0.7,54.2,2026-05-09T09:30:39.069859,2026-05-09T09:32:39.150130,10,0.393,,True
41003,fp,tree,65,nemours-02,7,48.2604833333,2.7063833333,106.0,246.0,1.9,54.2,2026-05-09T18:04:21.809927,2026-05-09T18:42:21.935862,82,0.605,,True
41010,fp,tree,65,nemours-02,7,48.2604833333,2.7063833333,106.0,25.0,0.8,54.2,2026-05-09T19:09:29.314249,2026-05-09T19:24:59.450428,24,0.361,,True
41429,fp,tree,65,nemours-02,7,48.2604833333,2.7063833333,106.0,25.0,0.8,54.2,2026-05-11T12:01:39.857992,2026-05-11T12:03:09.843328,9,0.301,,True
40402,fp,water_body,67,moret-sur-loing-02,7,48.37916667,2.820833333,92.0,316.0,2.7,54.2,2026-05-05T14:04:44.393861,2026-05-05T14:10:16.579340,16,,other,True
40429,smoke,industrial,65,nemours-02,7,48.2604833333,2.7063833333,106.0,291.0,1.9,54.2,2026-05-05T15:03:21.984739,2026-05-05T15:38:21.668754,36,0.605,,True
40457,smoke,industrial,63,nemours-01,7,48.2604833333,2.7063833333,106.0,194.0,0.7,54.2,2026-05-05T16:33:52.789599,2026-05-05T17:28:01.266948,41,0.717,,True
40613,smoke,industrial,66,moret-sur-loing-01,7,48.37916667,2.820833333,92.0,189.0,2.0,54.2,2026-05-06T14:38:35.218406,2026-05-06T15:11:49.524372,23,0.609,other_smoke,True
40630,smoke,industrial,63,nemours-01,7,48.2604833333,2.7063833333,106.0,194.0,1.6,54.2,2026-05-06T17:54:59.750507,2026-05-06T18:00:59.839782,18,0.521,,True
40668,smoke,industrial,66,moret-sur-loing-01,7,48.37916667,2.820833333,92.0,189.0,1.1,54.2,2026-05-07T05:03:47.662946,2026-05-07T05:45:47.749702,21,0.688,,True
40671,smoke,industrial,41,croix-augas-02,7,48.4267461256,2.7108759097,150.0,235.0,1.0,54.2,2026-05-07T05:05:22.153142,2026-05-07T05:11:21.582819,18,0.717,,True
40732,smoke,industrial,66,moret-sur-loing-01,7,48.37916667,2.820833333,92.0,189.0,1.5,54.2,2026-05-07T16:19:10.807813,2026-05-07T16:21:10.765701,10,0.623,,True
40810,smoke,industrial,69,videlles-02,7,48.478333333,2.42416667,147.0,80.0,1.1,54.2,2026-05-08T08:49:29.076151,2026-05-08T10:57:53.943165,62,0.697,,True
40821,smoke,industrial,69,videlles-02,7,48.478333333,2.42416667,147.0,80.0,0.8,54.2,2026-05-08T11:02:52.024099,2026-05-08T11:34:23.736496,35,0.621,,True
40822,smoke,industrial,66,moret-sur-loing-01,7,48.37916667,2.820833333,92.0,280.0,1.2,54.2,2026-05-08T12:05:14.544444,2026-05-08T12:07:14.669375,10,0.652,,True
40830,smoke,industrial,66,moret-sur-loing-01,7,48.37916667,2.820833333,92.0,280.0,1.8,54.2,2026-05-08T13:36:23.285556,2026-05-08T15:36:48.832719,60,0.716,,True
40862,smoke,industrial,40,croix-augas-01,7,48.4267461256,2.7108759097,150.0,327.0,0.5,54.2,2026-05-08T15:36:51.378224,2026-05-08T15:45:51.400960,24,0.61,,True
40903,smoke,industrial,63,nemours-01,7,48.2604833333,2.7063833333,106.0,194.0,1.8,54.2,2026-05-08T19:14:22.404405,2026-05-08T19:23:52.087997,25,0.626,,True
40993,smoke,industrial,67,moret-sur-loing-02,7,48.37916667,2.820833333,92.0,316.0,2.2,54.2,2026-05-09T17:01:23.187409,2026-05-09T17:02:23.167551,8,0.491,,True
40995,smoke,industrial,68,videlles-01,7,48.478333333,2.42416667,147.0,109.0,0.8,54.2,2026-05-09T17:03:18.410610,2026-05-09T17:45:49.016251,69,0.661,,True
41001,smoke,industrial,68,videlles-01,7,48.478333333,2.42416667,147.0,109.0,1.5,54.2,2026-05-09T17:50:48.497885,2026-05-09T18:02:18.546405,29,0.496,,True
41083,smoke,industrial,66,moret-sur-loing-01,7,48.37916667,2.820833333,92.0,189.0,3.2,54.2,2026-05-10T10:51:19.678424,2026-05-10T10:56:19.583309,16,0.69,other_smoke,True
41112,smoke,industrial,67,moret-sur-loing-02,7,48.37916667,2.820833333,92.0,359.0,1.1,54.2,2026-05-10T14:01:28.343593,2026-05-10T14:50:37.961844,34,0.69,other_smoke,True
41119,smoke,industrial,67,moret-sur-loing-02,7,48.37916667,2.820833333,92.0,316.0,1.0,54.2,2026-05-10T14:24:08.029630,2026-05-10T14:26:37.793738,11,0.547,,True
41129,smoke,industrial,67,moret-sur-loing-02,7,48.37916667,2.820833333,92.0,359.0,1.2,54.2,2026-05-10T14:51:07.885959,2026-05-10T14:56:08.924525,11,0.723,,True
41135,smoke,industrial,67,moret-sur-loing-02,7,48.37916667,2.820833333,92.0,359.0,1.0,54.2,2026-05-10T15:11:38.470544,2026-05-10T15:13:08.637644,9,0.518,,True
41289,smoke,industrial,63,nemours-01,7,48.2604833333,2.7063833333,106.0,194.0,1.6,54.2,2026-05-10T18:19:20.274380,2026-05-10T18:29:50.844630,20,0.701,,True
41310,smoke,industrial,63,nemours-01,7,48.2604833333,2.7063833333,106.0,194.0,0.8,54.2,2026-05-10T18:37:20.440721,2026-05-10T19:40:42.550617,78,0.781,,True
41328,smoke,industrial,66,moret-sur-loing-01,7,48.37916667,2.820833333,92.0,189.0,4.9,54.2,2026-05-10T18:52:46.032748,2026-05-10T19:17:46.313957,49,0.774,other_smoke,True
41330,smoke,industrial,66,moret-sur-loing-01,7,48.37916667,2.820833333,92.0,235.0,4.4,54.2,2026-05-10T18:54:17.045641,2026-05-10T19:16:16.775921,48,0.801,,True
41356,smoke,industrial,65,nemours-02,7,48.2604833333,2.7063833333,106.0,291.0,1.6,54.2,2026-05-10T19:28:22.876992,2026-05-10T19:36:15.611894,21,0.579,,True
41440,smoke,industrial,67,moret-sur-loing-02,7,48.37916667,2.820833333,92.0,316.0,1.0,54.2,2026-05-11T14:12:20.734327,2026-05-11T14:16:22.167955,14,0.787,wildfire_smoke,True
41441,smoke,industrial,40,croix-augas-01,7,48.4267461256,2.7108759097,150.0,327.0,2.2,54.2,2026-05-11T14:12:21.828122,2026-05-11T14:14:51.179689,11,0.701,wildfire_smoke,True
41442,smoke,industrial,68,videlles-01,7,48.478333333,2.42416667,147.0,109.0,1.2,54.2,2026-05-11T14:12:22.268874,2026-05-11T14:14:22.624061,10,0.646,,True
41443,smoke,industrial,66,moret-sur-loing-01,7,48.37916667,2.820833333,92.0,280.0,1.4,54.2,2026-05-11T14:12:50.747576,2026-05-11T14:16:20.749097,13,0.776,,True
41444,smoke,industrial,69,videlles-02,7,48.478333333,2.42416667,147.0,80.0,1.6,54.2,2026-05-11T14:12:53.117368,2026-05-11T14:14:52.883311,10,0.701,,True
40965,smoke,other,69,videlles-02,7,48.478333333,2.42416667,147.0,80.0,0.5,54.2,2026-05-09T13:36:51.146625,2026-05-09T13:37:51.160744,8,0.531,,True
40631,smoke,wildfire,65,nemours-02,7,48.2604833333,2.7063833333,106.0,246.0,1.7,54.2,2026-05-06T17:55:05.276568,2026-05-06T17:59:00.659866,14,0.402,,True
40686,smoke,wildfire,68,videlles-01,7,48.478333333,2.42416667,147.0,157.0,2.3,54.2,2026-05-07T06:42:27.932374,2026-05-07T09:24:26.494412,148,0.742,,True
40692,smoke,wildfire,66,moret-sur-loing-01,7,48.37916667,2.820833333,92.0,144.0,1.6,54.2,2026-05-07T07:26:02.847608,2026-05-07T07:55:33.016653,49,0.6,,True
40700,smoke,wildfire,69,videlles-02,7,48.478333333,2.42416667,147.0,80.0,1.1,54.2,2026-05-07T08:39:50.510089,2026-05-07T08:50:50.579013,26,0.634,,True
40721,smoke,wildfire,68,videlles-01,7,48.478333333,2.42416667,147.0,157.0,5.0,54.2,2026-05-07T12:42:38.417833,2026-05-07T12:54:34.740567,26,0.765,,True
40844,smoke,wildfire,40,croix-augas-01,7,48.4267461256,2.7108759097,150.0,60.0,0.6,54.2,2026-05-08T14:36:44.038109,2026-05-08T14:51:14.089142,35,0.662,,True
40972,smoke,wildfire,65,nemours-02,7,48.2604833333,2.7063833333,106.0,291.0,1.1,54.2,2026-05-09T15:03:49.248484,2026-05-09T15:15:49.265499,29,0.681,,True
40997,smoke,wildfire,40,croix-augas-01,7,48.4267461256,2.7108759097,150.0,285.0,2.4,54.2,2026-05-09T17:08:03.476180,2026-05-09T18:39:37.855431,160,0.749,,True
41039,smoke,wildfire,40,croix-augas-01,7,48.4267461256,2.7108759097,150.0,60.0,1.3,54.2,2026-05-10T06:32:45.513408,2026-05-10T06:45:45.073027,24,0.524,other_smoke,True
41053,smoke,wildfire,65,nemours-02,7,48.2604833333,2.7063833333,106.0,291.0,0.7,54.2,2026-05-10T08:34:18.028360,2026-05-10T08:42:49.891236,23,0.575,other_smoke,True
41434,smoke,wildfire,68,videlles-01,7,48.478333333,2.42416667,147.0,109.0,0.7,54.2,2026-05-11T12:33:24.464305,2026-05-11T12:38:24.699379,16,0.704,,True
41439,smoke,wildfire,65,nemours-02,7,48.2604833333,2.7063833333,106.0,340.0,0.8,54.2,2026-05-11T14:12:03.101590,2026-05-11T14:17:02.681860,16,0.792,,True
40438,unlabeled,,66,moret-sur-loing-01,7,48.37916667,2.820833333,92.0,235.0,0.4,54.2,2026-05-05T15:30:25.222538,2026-05-05T15:32:25.220190,10,0.52,,True
40696,unlabeled,,66,moret-sur-loing-01,7,48.37916667,2.820833333,92.0,189.0,1.6,54.2,2026-05-07T07:57:34.885846,2026-05-07T07:59:02.790327,6,0.477,,True
40699,unlabeled,,41,croix-augas-02,7,48.4267461256,2.7108759097,150.0,100.0,0.8,54.2,2026-05-07T08:39:17.786223,2026-05-07T08:42:17.695206,12,0.438,,True
40720,unlabeled,,68,videlles-01,7,48.478333333,2.42416667,147.0,157.0,2.0,54.2,2026-05-07T12:37:04.755698,2026-05-07T12:42:37.613855,15,0.643,,True
40764,unlabeled,,40,croix-augas-01,7,48.4267461256,2.7108759097,150.0,60.0,1.1,54.2,2026-05-07T19:22:59.997535,2026-05-07T19:41:59.752888,44,0.693,,True
40850,unlabeled,,40,croix-augas-01,7,48.4267461256,2.7108759097,150.0,285.0,1.0,54.2,2026-05-08T14:55:14.128580,2026-05-08T14:55:18.797211,6,0.322,,True
40866,unlabeled,,40,croix-augas-01,7,48.4267461256,2.7108759097,150.0,327.0,1.2,54.2,2026-05-08T15:52:55.120802,2026-05-08T15:53:21.465829,7,0.25,,True
40878,unlabeled,,66,moret-sur-loing-01,7,48.37916667,2.820833333,92.0,189.0,1.5,54.2,2026-05-08T17:23:08.690177,2026-05-08T17:46:09.040577,25,0.547,,True
40881,unlabeled,,63,nemours-01,7,48.2604833333,2.7063833333,106.0,194.0,1.8,54.2,2026-05-08T17:26:18.642222,2026-05-08T17:58:48.568159,41,0.508,,True
40901,unlabeled,,40,croix-augas-01,7,48.4267461256,2.7108759097,150.0,15.0,0.9,54.2,2026-05-08T19:09:26.498551,2026-05-08T19:10:56.507630,9,0.319,,True
40953,unlabeled,,40,croix-augas-01,7,48.4267461256,2.7108759097,150.0,285.0,1.0,54.2,2026-05-09T11:44:52.064171,2026-05-09T11:50:51.809933,18,0.397,,True
40967,unlabeled,,40,croix-augas-01,7,48.4267461256,2.7108759097,150.0,285.0,0.8,54.2,2026-05-09T14:01:57.849587,2026-05-09T14:02:28.773332,7,0.368,,True
41004,unlabeled,,68,videlles-01,7,48.478333333,2.42416667,147.0,109.0,1.0,54.2,2026-05-09T18:13:26.030087,2026-05-09T18:13:31.380199,6,0.382,,True
41234,unlabeled,,63,nemours-01,7,48.2604833333,2.7063833333,106.0,52.0,2.3,54.2,2026-05-10T17:19:18.829970,2026-05-10T17:21:16.403571,6,0.286,,True
41369,unlabeled,,63,nemours-01,7,48.2604833333,2.7063833333,106.0,147.0,0.7,54.2,2026-05-10T19:38:42.361763,2026-05-10T19:41:10.248827,11,0.426,,True
